:020000040810E2
:1000000040200010C1031008D9651008A15910083C
:10001000D565100809151008ADAF100800000000E4
:10002000000000000000000000000000459A1008D9
:100030008D16100800000000496A1008499A10083F
:10004000ED031008ED031008ED031008ED03100890
:10005000ED031008ED031008ED031008ED03100880
:10006000ED031008ED031008ED031008ED03100870
:10007000ED031008ED031008ED031008ED03100860
:10008000ED031008ED031008A1081008ED03100897
:10009000ED031008ED031008ED031008ED03100840
:1000A000ED031008ED031008ED031008ED03100830
:1000B000ED031008ED031008ED031008ED03100820
:1000C000ED031008ED031008ED031008ED03100810
:1000D000ED031008ED031008ED031008B9AD10088A
:1000E00091161008ED03100800000000A99A1008EE
:1000F000019B1008ED031008ED031008ED03100834
:10010000ED031008ED031008ED031008ED031008CF
:10011000ED031008ED031008ED031008ED031008BF
:10012000ED031008ED031008ED031008ED031008AF
:10013000ED031008ED031008ED031008ED0310089F
:10014000ED031008ED03100800000000000000009F
:10015000ED031008ED031008ED031008ED0310087F
:10016000ED031008ED031008ED031008ED0310086F
:10017000ED031008ED031008ED0310080000000067
:10018000ED031008ED031008ED031008ED0310084F
:10019000ED031008ED031008ED031008ED0310083F
:1001A000ED031008ED031008ED031008ED0310082F
:1001B000ED031008ED031008ED031008ED0310081F
:1001C000ED031008ED031008ED031008ED0310080F
:1001D000ED031008ED031008ED031008ED031008FF
:1001E000ED031008ED031008ED031008ED031008EF
:1001F000ED031008ED031008ED031008ED031008DF
:10020000ED031008ED031008ED031008ED031008CE
:10021000ED031008ED031008ED031008ED031008BE
:10022000ED031008ED031008ED031008ED031008AE
:10023000ED031008ED031008ED031008ED0310089E
:10024000ED031008ED031008ED031008ED0310088E
:10025000ED031008ED031008ED031008ED0310087E
:10026000ED031008ED031008ED031008ED0310086E
:10027000ED031008ED031008ED031008ED0310085E
:10028000ED031008ED031008ED0310080000000056
:10029000ED031008ED03100800F002F800F080F8FC
:1002A00014A696E8000CB244B344DA4501D100F03C
:1002B00077F8BAE80F000FA696E83000A5EB040522
:1002C00004EB0607AAEB0704A7F101074FEA15158F
:1002D0004FEA3414A4F10104AC4201D300F060F8F9
:1002E00013F0010F18BFFB1A43F0010300F001F8EF
:1002F000DBE7184794BC0000D4BC00000A444FF070
:10030000000C10F8013B13F0070408BF10F8014B74
:100310001D1108BF10F8015B641E05D010F8016BB9
:10032000641E01F8016BF9D113F0080F1EBF10F81D
:10033000014BAD1C0C1B09D16D1E58BF01F801CB40
:10034000FAD505E014F8016B01F8016B6D1EF9D5C3
:100350009142D6D370470000103A24BF78C878C1C4
:10036000FAD8520724BF30C830C144BF04680C60BB
:10037000704700007047000000230024002500267D
:10038000103A28BF78C1FBD8520728BF30C148BFF8
:100390000B6070471FB50BF09DFB1FBD10B510BD66
:1003A00000F0BAF91146FFF7F5FF0AF063FF00F01D
:1003B000D8F903B4FFF7F2FF03BC0AF023FF0000F3
:1003C0000E490F4808600F494FF0FF0008600E48C3
:1003D00080470E4880470E480047FEE7FEE7FEE7ED
:1003E000FEE7FEE7FEE7FEE7FEE7FEE7FEE70000CA
:1003F00008480949094A0A4B70470000047804106C
:10040000FF0000C408780410A91610088D9A10087F
:1004100099021008401A001040200010401C0010E3
:10042000401C001053EA020C00F069802DE9F04BEB
:100430004FF00006002B1FBFB3FA83F503FA05F453
:1004400024FA05F65E4012BF1643B2FA82F502FAAC
:1004500005F4C5F120051EBF22FA05FC44EA0C0490
:10046000203556EA044C4FEA144418BF641C4FF080
:1004700000084FF00009904271EB030C39D30029BA
:1004800019BFB1FA81F701FA07F6B0FA80F700FA5E
:1004900007F6C7F120071EBF20FA07FC46EA0C0644
:1004A0002037B6FBF4FCA7EB0507103F07F01F0B46
:1004B000CBF120062CFA06F60CFA0BFB44BFB34630
:1004C0000026202FA4BF5E464FF0000B5BEA060C0F
:1004D00008BF4FF0010B19EB0B0948EB0608ABFB0B
:1004E000027C06FB02CC0BFB03CCC01B71EB0C01A6
:1004F000C1E70B46024641464846BDE8F08B13B5BE
:10050000084318BF4FF0FF300146AFF30080BDE84D
:100510001C40704753EA020C23D010B54C1084EAFB
:10052000530404D54042C1F1000138BF491E1B42AB
:1005300004D55242C3F1000338BF5B1EFFF772FFC0
:1005400014F0804F04D04042C1F1000138BF491E71
:1005500014F0004F04D05242C3F1000338BF5B1EB9
:1005600010BD13B540424FF0000070EB0104B8BF5E
:10057000012001F0004100281CBF6FF000414FF046
:10058000FF30AFF300801CBD032A40F2308010F032
:10059000030C00F0158011F8013BBCF1020F62441E
:1005A00098BF11F801CB00F8013B38BF11F8013BAF
:1005B000A2F1040298BF00F801CB38BF00F8013B5C
:1005C00011F0030300F02580083AC0F0088051F8CC
:1005D000043B083A51F804CBA0E80810F5E7121DD7
:1005E0005CBF51F8043B40F8043BAFF30080D207F6
:1005F00024BF11F8013B11F801CB48BF11F8012BC2
:1006000024BF00F8013B00F801CB48BF00F8012BE4
:10061000704710B5203AC0F00B80B1E81850A0E840
:100620001850B1E81850A0E81850203ABFF4F5AFC0
:100630005FEA027C24BFB1E81850A0E8185044BF1C
:1006400018C918C0BDE810405FEA827C24BF51F889
:10065000043B40F8043B08BF7047D20728BF31F87D
:10066000023B48BF11F8012B28BF20F8023B48BFCE
:1006700000F8012B70474FF000020429C0F01280EF
:1006800010F0030C00F01B80CCF1040CBCF1020F45
:1006900018BF00F8012BA8BF20F8022BA1EB0C011A
:1006A00000F00DB85FEAC17C24BF00F8012B00F810
:1006B000012B48BF00F8012B70474FF0000200B536
:1006C000134694469646203922BFA0E80C50A0E875
:1006D0000C50B1F12001BFF4F7AF090728BFA0E823
:1006E0000C5048BF0CC05DF804EB890028BF40F8EF
:1006F000042B08BF704748BF20F8022B11F0804F31
:1007000018BF00F8012B7047704770477047000012
:1007100000487047080500107546FFF7F9FFAE4620
:1007200005006946534620F00700854618B020B5FD
:10073000FFF75EFEBDE820404FF000064FF00007D7
:100740004FF000084FF0000BAC46ACE8C009ACE835
:10075000C009ACE8C009ACE8C00921F007018D462A
:10076000704710B50446AFF300802046BDE8104046
:10077000FFF71FBEB0B50446006842F2001140F416
:100780008070C4F20201884218D142F20830C4F2EB
:100790000200006810F4403F18D004F02FF86168A0
:1007A0000546B1F5803F05D0B1F5403F2CD0B1F5FD
:1007B000003F2AD1080CB5FBF0F526E046F20830E0
:1007C000C5F60200006810F4403FE6D14FF4002067
:1007D000002103F095F861680546A1F580224FEAF3
:1007E000B2420A2A11D8DFE802F007070707070715
:1007F00055535951570000BF6FF0010000EA5140B6
:10080000B5FBF0F501E000BFAD0802F05BFD41F281
:10081000030188420ED8206842F601528168C0F276
:10082000311295422CBF41F4807121F480718160B6
:10083000B0BD00BF4BF62140C0F2BE00854205D8D6
:100840002068816821F440718160B0BD47F64100A5
:10085000C0F27D10854207D820680122816862F3CA
:1008600009218160B0BD00BF20684FF2810281681C
:10087000C0F2FA22954205D8022262F30921816072
:10088000B0BD00BF41F440718160B0BDED09BCE76F
:100890006D09BAE72D09B8E72D0AB6E7AD09B4E747
:1008A00042F20000C4F202000168490644BF402140
:1008B000016009F0F3B9000090F86510012947D0F4
:1008C000002918BF7047C1694BF60C3CCAB2C0F68C
:1008D000100C1CF80220C1F307235A401CF8022018
:1008E000C1F307435A401CF8022082EA11621CF847
:1008F0000220002A1EBF042180F86210704701F018
:100900000F02531F022B826625D3092A1EBF012125
:1009100080F862107047C1F30B12A0F85C20D2B1CE
:10092000B0F85E108A4282BF022180F862107047E0
:1009300010B5D0E905C190F86C30D0F854E002EB66
:10094000430204466046F047012084F8650010BD6C
:10095000002180F86510012180F8611070470000C7
:1009600010B5044690F82400032807D194F82E000F
:100970000021022884F8241007D01FE0A16C002277
:100980008A7194F82E1002290AD154F8281F236B7B
:1009900054F8140CA288246298470320A07110BD5B
:1009A00002280BD16069A36D04F120010422A16427
:1009B0009847032084F8240010BD00BF72B6636C12
:1009C000E3B16069D4F858E019689A884FF0030CD5
:1009D000A36483F806C0F04794F83600022803D0D9
:1009E00094F83E0002280DD104F13000616C2044DF
:1009F000401A3830606462B610BD00BF0020A064A9
:100A000062B610BD0020606462B610BD80B50346BA
:100A10004FF0000E4069D3F854C003F11C010422CA
:100A200083F865E0BDE88040604700002DE9F047AD
:100A3000044654F81C2F002594F845300D80012BF6
:100A40007AD190F8643080F86150022B00F0108168
:100A5000012B00F09D80002B40F08F82816E0629D3
:100A600000F09481052940F08882C56990F86CA057
:100A7000EEB24FEAD61CBAEBD61F38BF4FF0000CCF
:100A800090F86D70C5F30522914680F86CC09742CE
:100A900038BFB94690F86E30C5F3863880F86D904F
:100AA000984598BF434690F86F10C5F3465E8E4553
:100AB00080F86E3098BF7146BAEBD61F80F86F1081
:100AC00028BF974204D3984508BF8E4500F0668240
:100AD00090F870204BF60C36120142EACC1242EA32
:100AE000092242EA833242EA41514B1DDFB2C0F68D
:100AF0001006F75DC2F307227A40B25CC1F30747E4
:100B00007A40B25CC1F3036151404BF65452C0F6D7
:100B10001002515C43EA0172014641F8202F72B67F
:100B20008A6A002A00F0C68162B690F82410002973
:100B300040F0228209E200BF90F86210002900F024
:100B4000E6804BF60C3381F00902C0F610039A5C84
:100B500001EB01275140595C4BF65452C0F610028C
:100B6000515C3A0242EA017101F10F02014641F87B
:100B7000202F72B68A6A002A00F0B68062B690F81A
:100B80002410002904BF022180F82410B8E000BF1F
:100B9000816E062900F0BE80052940F0EE81C16912
:100BA00090F86CA0CFB24FEAD71CBAEBD71F38BF72
:100BB0004FF0000C90F86D60C1F30522914680F86B
:100BC0006CC0964238BFB14690F86E30C1F386389B
:100BD00080F86D90984598BF434690F86F50C1F3E8
:100BE000465EAE4580F86E3098BF7546BAEBD71FAB
:100BF00080F86F5028BF964204D3984508BFAE4591
:100C000000F0C48190F87020002180F86410110178
:100C100041EACC1141EA092141EA833141EA4552D6
:100C2000531D4BF60C36DFB2C0F61006F75DC1F36C
:100C300007217940715CC2F307477940715CC2F3C8
:100C4000036251404BF65452C0F61002515C43EA25
:100C50000172014641F8202F72B68A6A002A00F01C
:100C6000138162B690F82410002940F085816CE170
:100C7000836E092B00F0FC80062B00F0BF80052B53
:100C800040F07B81C56990F86CA0EEB24FEAD61CAB
:100C9000BAEBD61F38BF4FF0000C90F86D70C5F35B
:100CA0000522914680F86CC0974238BFB94690F84B
:100CB0006E30C5F3863E80F86D909E4598BF7346B2
:100CC00090F86F10C5F34658884580F86E3098BF8D
:100CD0004146BAEBD61F80F86F1028BF974280F0CC
:100CE000F5804FF0000E00E1032280F8242081649B
:100CF00062B64269836D0446104604229847204636
:100D000041690025026D80F86250084690472846E8
:100D1000BDE8F08790F8601090F8633001F00101B1
:100D200003F00F038F011B02C2F30F3647EA0637A9
:100D300043EAC111394401F136034BF60C35DFB2F9
:100D4000C0F61005EF5DC1F307217940695CC2F37D
:100D500007425140695C4BF6545281EA1631C0F6A5
:100D60001002515C43EA0172014641F8202F72B62D
:100D70008A6A002A00F08E8062B690F8241000295A
:100D800004BF022180F8241090E000BF90F86010AA
:100D900090F8633001F0010103F00F038F011B0293
:100DA000C2F30F3647EA063743EAC11139448B1DB7
:100DB0004BF60C35DFB2C0F61005EF5DC1F307212D
:100DC0007940695CC2F307425140695C4BF654526A
:100DD00081EA1631C0F61002515C43EA0172014605
:100DE00041F8202F72B68A6A002A69D062B690F85C
:100DF0002410002940F0C080A7E000BF90F86010E8
:100E000090F8633001F0010103F00F038F011B0222
:100E1000C2F30F3647EA063743EAC111394401F1FC
:100E200036034BF60C35DFB2C0F61005EF5DC1F3AB
:100E300007217940695CC2F307425140695C4BF677
:100E4000545281EA1631C0F61002515C43EA017235
:100E5000014641F8202F72B68A6A002A00F07A8093
:100E600062B690F82410002940F086806DE000BF43
:100E700090F86020B0F85C30856901320B80012168
:100E800080F86020017478E0032280F824208164D7
:100E900062B66AE0032280F82420816462B6426967
:100EA000836D05461046042298472846022180F8A3
:100EB000641061E0032280F82420816462B654E06B
:100EC000032280F82420816462B64EE09E454FF0F4
:100ED000000E08BF884508D190F87020C5F30217AE
:100EE000BA1AB2FA82F24FEA521E90F870204BF60C
:100EF0000C36120142EACC1242EA092242EA83325B
:100F000042EA41514B1DDFB2C0F61006F75DC2F355
:100F100007227A40B25CC1F307477A40B25CC1F362
:100F2000036151404BF65452C0F61002515C43EA43
:100F30000172014641F8202F81F844E072B68A6AB6
:100F400072B162B690F82410B1B9022180F8241071
:100F500012E000BF032280F82420816462B604E01E
:100F6000032280F82420816462B64269836D0546BD
:100F7000104604229847284600254169436D0846DB
:100F80002146042298472846BDE8F08790F8702053
:100F9000C1F3021191427FF435AE38E690F870202B
:100FA000C5F3021797427FF493AD202202EB43175B
:100FB00002EB491287818F01A0F85E200122C781D0
:100FC00080F8642084E5000070B5D2F800C04BF6CC
:100FD0000C365FFA8CFEC0F6100616F80E40CCF305
:100FE00007256540755DCCF307446540765DCCF31D
:100FF00003656E404BF65455C0F61005AE5D4CEAE5
:101000000676166072B6866CC6B162B651B30A290E
:101010001CD0092922D1D0E910C6DCF80010511AE1
:1010200018BF0321002E08BFC0F844C002208CF86E
:101030000600C8B2ACF8043070BD00BF0A2917D052
:1010400009291BD1016C03268E711CE090F82E102B
:1010500001290AD1022180F82E1083850021C8B20F
:1010600070BD00BF90F82410C1B10321C8B270BD9B
:10107000032600F1280180F82E6004E000F1200131
:10108000032680F82460816462B64169866D084653
:1010900011461A46B0470021C8B270BD022180F83F
:1010A00024100021C8B270BD0A2A0DD190F82E205C
:1010B000012A84BF00207047826A04320A6001223C
:1010C00080F82E201046704790F83620022A0FD361
:1010D00090F83E20012A84BF0020704750F8383F26
:1010E000012282718060181D08601046704700BFA1
:1010F00050F8303F012282710061181D08601046CF
:101100007047000010B590F864C0BCF1020F1CBF1E
:10111000022010BD90F86C4043EA021E8C46012C60
:101120004CF804ED02BF4FF6CA648C5202320A2B0F
:1011300006D1017C01291CBF012010BD00210174D2
:10114000111D1FFA81FE194662467346BDE8104024
:10115000FFF73ABF10B504464069E16C88474FF08D
:10116000000C6069636DA4F864C004F11C010422E2
:1011700084F860C0BDE8104018470000B0B588B0E2
:1011800041F604100024C1F20000132140F2E732BE
:10119000CDE90644CDE90444C0E90114C0E90324C3
:1011A000846104F05FF8002818BF00F079FA60202D
:1011B000CDE901040394059441F60414C1F200043E
:1011C00001A92046002203F0F5FD002818BF00F019
:1011D00067FA204603F08AFD20460021002504F02E
:1011E000BFF82068C16A456340F20000C3F6000002
:1011F000C58580F8305040F26850C1F2000045606B
:10120000057008B0B0BD000080B582B000F02AF9CA
:1012100044F2E040C5F60200016841F0007101604F
:10122000006800F000700190019800F01DF940F294
:10123000000040F20813C3F60000C1F20003416849
:1012400040F2685C9A88C1F2000CCCF808108287E2
:10125000D988C18740F2DC01C1F200018A88A0F878
:101260004020C988A0F8421040F2B001C1F200014C
:101270008A88A0F84420C988A0F84610BFF35F8F81
:10128000416BCCF80C108163BFF35F8F02B0BDE8F7
:101290008040FFF773BF0000F0B581B040F2000559
:1012A00040F26856C3F60005C1F200066F6BF068A5
:1012B000874205D16F68B068874255D101B0F0BD53
:1012C000BFF35F8F40F20814B5F93C00C1F200048F
:1012D000A1880028C8BF014609B2204605F00AFAD5
:1012E000B5F93E00E1880028C8BF014609B2204692
:1012F00005F0E4F940F2DC04B5F94000C1F2000465
:10130000A1880028C8BF014609B2204605F0F2F9BD
:10131000B5F94200E1880028C8BF014609B220465D
:1013200005F0CCF940F2B004B5F94400C1F2000474
:10133000A1880028C8BF014609B2204605F0DAF9A5
:10134000B5F94600E1880028C8BF014609B2204629
:1013500005F0B4F9BFF35F8FF760AF63BFF35F8F42
:101360006F68B0688742A9D0BFF35F8F2A694FF0DA
:10137000FF336869298B53FA82F2032ABFF35F8F28
:1013800036D8DFE802F00327172300BF40F20044FD
:10139000C5F6020420464FF40051012201F080FFFF
:1013A00004F500604FF40061012201F079FF05F0BF
:1013B0009DF81DE04AF6AB22C2F6AA2250FB02F0CD
:1013C00000EBD07000B205F043F811E005F00EF824
:1013D0000EE000BF05F092F841F60410C1F20000E3
:1013E0000068C16A00214163E98585F830103170D9
:1013F000B760AF60BFF35F8F01B0F0BDB0B505F06F
:101400001DF840F20005C3F600050446A88304F069
:10141000F5FFE88305F00AF8288404F0F7FF00EBF5
:1014200040004000686204F0F9FF00EB400040001B
:1014300040F25011A8620020C0F21801152C38BFEC
:101440000120E140084085F83100BFF35F8FE86874
:1014500000210130E8600220BFF35F8FBDE8B0409B
:1014600001F046BF7047000040F20000C3F60000E4
:10147000026845F25271C4F24C218A4208BF70479B
:101480000160002141608160C160016141610183AF
:1014900041838183C1830184416281628185C185E9
:1014A00080F8301080F83110418641638163818774
:1014B000C187A0F84010A0F84210A0F84410A0F88E
:1014C0004610A0F84810704781B047F60401C1F2F9
:1014D0000401086044F2F441C5F602010A6842F4CE
:1014E00080320A600A6802F480320092009AD1F8D1
:1014F0000C2342F48072C1F80C2344F29801C5F623
:101500000001086001B07047FEE70000028811FB8F
:1015100001F3524311FB313393429EBF080CC1EAE1
:1015200000407047B0B545880B140CB211FB31F088
:1015300005FB05F1002B48BF6D42884238BF0146CC
:10154000A2EB010098BF1D4604F098FB0146002C59
:1015500048BF4942A8B2BDE8B040C1EA0040704768
:101560008446006840F20F42C4F20202904211DC4D
:101570006F22C4F20202904222DC3F22C4F2020235
:10158000904239DC1022C4F2020290425AD0282242
:1015900054E000BF40F26F42C4F2020290421BDCF2
:1015A00040F23F42C4F2020290422DDC40F210426F
:1015B000C4F20202904245D040F228423EE000BF11
:1015C0009F22C4F20202904228DC7022C4F202027E
:1015D000904237D0882231E040F29F42C4F20202AA
:1015E000904223DC40F27042C4F20202904229D0C1
:1015F00040F2884222E000BF4022C4F20202904240
:1016000020D058221AE000BF40F24042C4F2020249
:10161000904217D040F2584210E000BFA022C4F21E
:10162000020290420ED0B82208E000BF40F2B84259
:10163000C4F20202904205D040F2A042C4F202027B
:10164000904219D100F0F8024AF6AB23103ACAF6DC
:10165000AA23A2FB0331C1F302110AA3595C5F2A3A
:10166000CCF85C1040F2FF3120EA010088BF043062
:10167000CCF85800704700BF20F0FF00CCF85800AD
:10168000704700BF000610160006101670470000D5
:10169000C820C5F600004FF40051016009F080BB7E
:1016A00072B600BFFEE7000080B582B040F2010EC6
:1016B00047F60402CCF2004E44F2F440C1F20402B8
:1016C0000123C5F602005360C2F800E0016844F24D
:1016D000980C41F4803101600168C5F6000C01F4FA
:1016E000803100910099D0F80C1341F48071C0F85A
:1016F0000C13CCF800E09360D0F8181363F34201A8
:101700000023CFF6F073C0F81813D0F81013890433
:101710000ED46BB1D0F8101389045CBFD0F810134D
:101720005FEA814104D4D0F8101304338904ECD566
:10173000022151600EF101011160026842F4803211
:101740000260026802F480320192019AD0F80C2300
:1017500042F48072C0F80C23CCF8001002B080BDB7
:10176000B0B540F29452014600EB0010C1F2000205
:1017700072B602EB4004A089E58962B694F8202095
:1017800042B940F2F440C1F2000050F8210007F0E5
:1017900033FD608372B6A081E58162B6B0BD000002
:1017A00010B540F2945140F2F04C044600EB0010AA
:1017B000C1F20001C1F2000C002301EB400241F82C
:1017C00010305CF824000021D36093605360C2F8AD
:1017D0001230C2F81630C2F81A3004F065FF40F239
:1017E000EC40C1F2000050F82400002104F05CFF3E
:1017F00041F63820C1F2000050F82400BDE8104046
:1018000005F01EB92DE9F04F85B0804606F042F98B
:1018100006F00CF940F2840A40F2945BC1F2000A2F
:10182000C1F2000B9AF80100DBF8161013280191A1
:101830000CD141F63424C1F20004206806F01CFAF1
:1018400020B9206806F0BCF9ABF80C0040F2F44077
:10185000C1F20000006841F63826C1F20006416975
:101860003068B1F90450026804A99047049804F064
:10187000B3F92946814604F0C9F93168074691F861
:10188000841001291AD140F2F040C1F20000BBF9E6
:101890000C1000683AB2891A04F038FF044640F28E
:1018A000EC40C1F20000BBF90E100068A1EB27412B
:1018B00004F02CFFC4EA004101E000BF002140F227
:1018C0003E00C1F20000FFF721FE2946044604F065
:1018D000C1F93168064691F88420012A08D10846EA
:1018E000314604F0D1FF0138B0FA80F0400900E041
:1018F000002004993A0CCBF81240CBF80010CBF83A
:101900000490ABF80870ABF80A20CBF81660ABF87F
:101910001C5058B140F28400C1F2000001210022A5
:1019200004F0BAF8404605B0BDE8F08F40F2002060
:10193000C1F2000007F0AEFB9AF8011040F210026D
:10194000C1F20002515C044601290BD0002C40F288
:101950008C24C1F2000420D09AF80100132825D16C
:1019600026E000BF40F22C01C1F20001DBF80400C8
:10197000C98840F28C25C1F200050290ADF80C1028
:1019800001A9284607F06AFE284607F0F1FC002C62
:1019900040F28C24C1F20004DED104F134000021B5
:1019A00004F082FE9AF80100132801D00428B9D16E
:1019B000A08804A9ADF8100040F23C40C1F200003C
:1019C00009F046FB404605B0BDE8F08FF0B581B0A8
:1019D00041F6382740F24410C1F20007C1F200007E
:1019E000386005F051FA40F20814C1F200042046B4
:1019F00004F052FE40F28C25C1F20005284607F0A3
:101A00004FFF40F2F446C1F20006306821462A46F4
:101A100007F08CFC31683F6840F2002040F23C4205
:101A200040F27823C1F20000C1F20002C1F20003CB
:101A3000009707F039FB40F2DC00C1F2000004F02F
:101A40002BFE40F2B000C1F2000004F025FE40F28F
:101A5000E840C1F20000006840F22C0140F29454CA
:101A6000C1F20001C1F20004C0E9024141F6342193
:101A700040F2E810C1F20001C1F20000086006F077
:101A8000F3F80020FFF78CFE306807F0DFFB3068CA
:101A9000012184F8201007F03DFC3168E060084621
:101AA00007F038FC010C3068218207F03BFC01464E
:101AB00040F28400C1F20000002201B0BDE8F04015
:101AC00003F0C4BF7047000000688168826801F0BD
:101AD000040102F0080289181CBF01207047C16888
:101AE0004FF6FF72C7F6DF72114001F10041C1608D
:101AF000002070472DE9F04181B00022009290F85B
:101B00005020012A06D14FF0020E704601B0BDE808
:101B1000F08100BFC268012380F8503012B10B6A17
:101B2000012B1BD14A68092A16D10A688B6A4FF427
:101B3000785606EA524223B1CE6A03F07C0333435F
:101B40001A43036844F20005DE6CC0F210452E40D3
:101B50001643DE64C2652AE0036828E0056E1DB105
:101B6000C66D00220AE000BF8E6A5A1E26B1CD6AF9
:101B700006F07C062E43324300261D46D1E9003490
:101B8000013D04F01F04C3F3846303FA04F342EA43
:101B90000302036842EA0602C0E9172507D1DE6C9A
:101BA00044F20005C0F210452E403243DA649A68D0
:101BB0004FF6FF7C1207C0F20F0C25D40A68002AEA
:101BC0000FD492FAA2F6B6FA86F612EA0C0F08BF04
:101BD000960E06F01F020126DD6906FA02F22A437C
:101BE000DA61DA6891F8256091F8265022F4401203
:101BF000002E4FEA455601D0324304E091F82450BC
:101C000042EA05523243DA609A689E6802F00402A2
:101C100006F00806921915D18A6ABAB1CA6AAAB141
:101C200091F82520012A19D1426D4FF0010E42F0A2
:101C30002002426591F830401A69012C19D022F037
:101C4000020224E04FF0000ED8E000BF91F82560BA
:101C5000DA68012E03D142F0007202E0DA6822F065
:101C600000724FF0000EDA6091F830401A69012CD2
:101C7000E5D14FF61D64CFF600442240D1E90D4571
:101C80000226CFF6FF7606EB04442A4322431A616C
:101C90000A688C68C2F3406503EB85056E69C2F380
:101CA000045207279740BE4304FA02F232436A61A6
:101CB00041F20002C5F60042126802F07042B2F131
:101CC000805F23D14A69DC680E2505EA5404A240EE
:101CD0000C69042C29D00D6803F1600656F82470B5
:101CE00005F0F84507F000472A433A4346F8242018
:101CF0000A690C7F56F82250012C25F0004508BFD8
:101D000005F1004546F8225078E000BFDC684A69DA
:101D1000DD68E4064FEA55044CBF04F0080404F003
:101D20000E04A2400C69042CD5D11A6E1C6E0A68F0
:101D3000C4F3846792FAA2F6B6FA86F412EA0C08A3
:101D40002646C2F3846508BF2E46B7420FD11C6EEB
:101D500002F0F84204F0004422441A660A6892FA3B
:101D6000A2F402EA0C08C2F38465B4FA84F45E6E4D
:101D70005E6EB8F1000FC6F38466274608BF2F4693
:101D8000BE420FD15C6E02F0F84204F000442244DF
:101D90005A660A6892FAA2F402EA0C08C2F3846551
:101DA000B4FA84F49E6E9E6EB8F1000FC6F384669A
:101DB000274608BF2F46BE420FD1DC6E02F0F84224
:101DC00004F000442244DA660A6892FAA2F402EAB5
:101DD0000C08C2F38465B4FA84F4DE6EDE6EB8F1EA
:101DE000000FC6F3846608BF2C46A64206D1DC6EFF
:101DF00002F0F84204F000442244DA669A68D207FE
:101E000040F0CB800A68C968D3F8C05002EA0C06DB
:101E10000024B54301F01806C4F252742CFA06F7F8
:101E2000174004F52D062F43B142C3F8C0705DD1B1
:101E300042F20011C4F202018B4227D042F20001AB
:101E4000C4F202018B423DD11F21C1F2F0418A420E
:101E500040F3C48040F2FF71C2F630618A4240F321
:101E6000AA8040F60001C2F630618A4200F0388153
:101E700041F20001C3F260218A4200F02781002173
:101E8000C4F221318A421ED036E100BF1F21C1F2C7
:101E9000F0418A4200F388800721C0F690418A42CF
:101EA00000F3AA800221C0F230418A4200F0A180F2
:101EB0000421C0F660018A4240F01E814024C1F630
:101EC000201400E0002494FAA4F143F6C137B1FADB
:101ED00081F1C0F20A073C4208BFA10E01F01F01C8
:101EE0000127DE6907FA01F13143D961B2F1FF3F01
:101EF00053DC42F2001743F48071C4F2020742F24D
:101F00000006B942C4F2020636D1B168D6F80871AB
:101F10003943C9073BD146F20834C5F6020406F539
:101F20008077214606F54275BB4208BF2946B34279
:101F300008BF29460D680021CCF684318A4205F09D
:101F4000E07608BF15F4000166D00021CCF2527192
:101F50008A4240F099800021B1EB166F40F09480E6
:101F6000A4F542718B4218D1216821F0E071314310
:101F700041F08071216010E04FF6005146F20837C1
:101F8000CFF6FF71C5F602077958C907C3D0416D76
:101F90004FF0010E41F020014165002180F8501002
:101FA000704601B0BDE8F08140F2FF71C2F63061C9
:101FB0008A4200F37F802021C1F2F0418A4200F082
:101FC000958040F20041C2F600218A4240F09480A0
:101FD00040F60004C2F6306475E700BF0721C0F682
:101FE00090418A4208DC0221C0F230418A427FF4EB
:101FF0005FAF012467E700BF0821C0F690418A4225
:102000006AD01021C1F2C0018A4275D140F2001499
:10201000C2F2801457E700BFA4F542718B42BCD1D5
:10202000216842F6635221F0E071314341F400012E
:10203000216040F20801C1F200010968C0F23E527D
:102040008909A1FB02129109022202EB41010091D0
:1020500000990029A1D00099013900910099002927
:102060009BD00099013900910099002995D00099E1
:1020700001390091009900298FD000990139009110
:1020800000990029E7D188E7A4F542718B427FF4DB
:1020900084AF0021CCF6B8718A4208BF15F48001E4
:1020A0007FF47BAF216821F0E071314341F480017E
:1020B000216072E740F60001C2F630618A420FD01B
:1020C00041F20001C3F260218A4215D142F20004BC
:1020D000C3F29064F7E600BF8024C1F65054F2E6E4
:1020E00041F20004C3F26024EDE600BF40F2002498
:1020F000C2F2B054E7E600BF0021C4F684310024E8
:102100008A4204BF0024C4F6B874DCE690F850207C
:10211000012A04BF0220704710B582B0002342F2AA
:10212000083401930093C4F202040368A4F54272D8
:10213000934227D14FF6006ECFF6FF7E54F80E2063
:102140009B681A4352071DD4D1F800C02268BCF125
:10215000000F22F4404323D04A681A4322604FF60E
:102160000052CFF6FF72A25854F80E301A43D2072D
:1021700026D1226840F61F7389689A43114341EAC9
:102180000C011CE0416D41F020014165012100225C
:1021900080F8502002B0BDE810400846704700BFEC
:1021A0004FF600512360CFF6FF71615854F80E20AE
:1021B0001143C90704D1216840F61F729143216081
:1021C0000021E4E7F0B581B00022009290F85020A1
:1021D000012A03D10221084601B0F0BD012307689E
:1021E00080F85030BB685B0700F194810C684FF6B3
:1021F000FF7CC0F20F0CB4F1FF3F4FEA946310DD97
:1022000094FAA4F2B2FA82F214EA0C0F08BFA20EFA
:1022100002F01F024FF0010EFC690EFA02F2224397
:10222000FA614A681F26C2F3012407EB8404256B78
:1022300002F01F02964003F01F0325EA060603FA88
:1022400002F232432263BA68BB6802F0040203F070
:102250000803D21840F093800A688B68C2F3406686
:1022600007EB86067569C2F3045207249440A54320
:1022700003FA02F22A43726141F20002C5F60042FB
:10228000126802F07042B2F1805F33D14A69FB6894
:102290000E2606EA530302FA03F30C69042C38D025
:1022A0000A6807F1600656F8245002F0F84205F07B
:1022B00000451A432A4346F824200A694B7E56F803
:1022C0002250012B25F0004508BF05F1004546F8D6
:1022D00022500A7E0B69013AB2FA82F252093E6933
:1022E000D20203F01F0326F4F0469A4032433A61CB
:1022F00045E000BFFA684B69FE68D2064FEA560413
:102300004CBF04F0080204F00E0293400C69042C48
:10231000C6D13A6E0B6802F0F8429B069A4217D17A
:102320003A6E22F000423A667A6E02F0F8429A4221
:1023300013D0BA6E02F0F8429A4217D1BA6E22F068
:102340000042BA66FA6E02F0F8429A4213D016E0E2
:102350007A6E02F0F8429A42EBD17A6E22F0004295
:102360007A66BA6E02F0F8429A42E7D0FA6E02F04C
:10237000F8429A4203D1FA6E22F00042FA66BA6835
:10238000D20778D1D1F800E0C968D7F8C0200EEAAA
:102390000C04A24301F0180400232CFA04F6C4F242
:1023A000527306EA0E06324303F52D06B142C7F812
:1023B000C0205DD142F20011C4F202018F4227D049
:1023C00042F20001C4F202018F423DD11F21C1F24D
:1023D000F0418E4540F3C48040F2FF71C2F6306197
:1023E0008E4540F3AA8040F60001C2F630618E456A
:1023F00000F0488141F20001C3F260218E4500F0F7
:1024000037810021C4F221318E451ED046E100BF44
:102410001F21C1F2F0418E4500F388800721C0F6EC
:1024200090418E4500F3AA800221C0F230418E45D2
:1024300000F0A1800421C0F660018E4540F02E819D
:102440004023C1F6201300E0002393FAA3F143F6E2
:10245000C132B1FA81F1C0F20A02134208BF990EEB
:1024600001F01F010122FB6902FA01F11943F96130
:10247000BEF1FF3F02DD002151E000BF42F200014A
:1024800046F2083CC4F20201C5F6020C01F5807266
:102490009742624601F5427308BF1A468F4208BF51
:1024A0001A4642F20014136847F48072C4F2020420
:1024B000A24227D18A68D1F808111143C90729D14E
:1024C0000021CCF684318E4503F0E07408BF13F48C
:1024D000000163D00021CCF252718E4540F0A08003
:1024E0000021B1EB146F40F09B80ACF542718F423C
:1024F000C1D1DCF8001021F0E071214341F080717E
:10250000A5E000BF4FF60051CFF6FF715CF8011057
:10251000C907D5D0416D41F020014165012100225C
:1025200080F85020084601B0F0BD00BF40F2FF71B6
:10253000C2F630618E4500F38F802021C1F2F04158
:102540008E4500F0A58040F20041C2F600218E4584
:1025500040F0A48040F60003C2F6306375E700BF88
:102560000721C0F690418E4508DC0221C0F23041BF
:102570008E457FF45FAF012367E700BF0821C0F6F7
:1025800090418E457AD01021C1F2C0018E4540F0B5
:10259000858040F20013C2F2801356E7ACF5427119
:1025A0008F427FF468AFDCF8001042F6635221F0EE
:1025B000E071214341F40001CCF8001040F2080121
:1025C000C1F200010968C0F23E528909A1FB021262
:1025D0009109022202EB41010091009900293FF488
:1025E0004AAF009901390091009900293FF443AFA7
:1025F000009901390091009900293FF43CAF0099FE
:1026000001390091009900293FF435AF0099013953
:102610000091009900294FF00001E2D17FE700BF4F
:10262000ACF542718F424FF000017FF478AF002289
:10263000CCF6B872964508BF13F480027FF46FAFF2
:10264000DCF8001021F0E071214341F48001CCF866
:102650000010002163E700BF40F60001C2F63061C0
:102660008E450FD041F20001C3F260218E4515D195
:1026700042F20003C3F29063E7E600BF8023C1F695
:102680005053E2E641F20003C3F26023DDE600BFEF
:1026900040F20023C2F2B053D7E600BF0021C4F6D7
:1026A000843100238E4504BF0023C4F6B873CCE602
:1026B00070B582B004460020002C019052D0606DAD
:1026C00030B9204600F024F90020A06584F85000BD
:1026D0002068816889004FF6C071C5F6FF7102D588
:1026E00082680A4082608268D2002ED4826801F13A
:1026F0008051114041F08051816040F20801C1F2E7
:102700000001096842F663528909C0F23E52A1FBFA
:102710000212012101EB921101910199A9B100BFAF
:10272000019901390191019979B101990139019119
:10273000019951B1019901390191019929B1019989
:102740000139019101990029EAD18168C9000DD4AC
:10275000616D012641F010016165A16D41F001013B
:10276000A16504E00126304602B070BD00268168F4
:10277000626D01F0040102F010028918616D40F0F1
:10278000958021F48171023161658168C9072AD180
:1027900042F2001240F48071C4F20202914242F20D
:1027A0000001C4F2020140F0A9808A68D1F8083122
:1027B0001A43D20717D101F5807201F5427346F230
:1027C000080E90421A46D4F804C0C5F6020E18BF8F
:1027D0000EF54072884208BF1A46106820F47C103B
:1027E00040EA0C00106000F06DFD41F203018842E8
:1027F000A0684FF00002A0F11001B1FA81F188BF8A
:10280000012249091140226B237F617D154616BFC5
:102810004D034A031C2045EA03411143012B41EAC1
:10282000000106D1206A0022CFF6FE7202EB404082
:102830000143606A20B1A26A00F47870104301433A
:1028400020684CF20303C268CFF6F0731A401143BC
:10285000C1608168826801F0040102F008028918F1
:1028600038D1217DE26A44F2030342EA8131C26831
:102870009A431143C16094F838200169012A1DD19F
:102880004FF61E02CFF6004204F13C0E01EA020CA4
:102890009EE82C400121CFF6FF7101EB024143EA93
:1028A0000C021143294341EA0E0109E041F01000F6
:1028B00001266065304602B070BD00BF21F0010105
:1028C00001610169626B21F0704111430161204691
:1028D000FDF750FF2068E168026B012922F00F012B
:1028E00002D1A269013A11430163606D012161F3D4
:1028F00001006065304602B070BD00BF46F20802BC
:10290000C5F602021268D2073FF455AF6BE700002C
:1029100070B586B0006842F200110024C4F20201D2
:10292000C5F6020488424FF000010591CDE903117C
:10293000CDE9011148D042F20001C4F202018842FF
:1029400040F0818040F2BC51C1F200010A6844F2BB
:10295000E040C5F60200531C0B605AB950F8081C41
:1029600041F0200140F8081C50F8081C01F020013B
:10297000009100990168032541F00101016001689F
:1029800001F0010100910099016841F0040101602A
:10299000016801F0040100910099016841F0020111
:1029A0000160006801A900F002000090009800207A
:1029B00003902046CDE9015500F07CFB1020CDE9C5
:1029C000010504F500602EE040F2BC51C1F20001A7
:1029D0000A6844F2E040C5F60200531C0B605AB985
:1029E00050F8081C41F0200140F8081C50F8081C61
:1029F00001F0200100910099016841F0010101609E
:102A0000016801F0010100910099016841F00201A3
:102A10000160006800F002000090009880200190A2
:102A200003200290204601AD00262946039600F0BF
:102A300041FB022001900320CDE9020604F58060ED
:102A4000294600F037FB06B070BD00002DE9F043C9
:102A500081B0044600F03EFC002C00F0AF8005463B
:102A6000206840F26F48C4F20208404516DC9F21FE
:102A7000C4F2020188422DDC5721C4F202018842CF
:102A800054DC1021C4F20201884200F07E8028212B
:102A9000C4F20201884278D0402171E045F22F4112
:102AA000C5F60201884229DC40F2B741C4F20201B6
:102AB000884247DC40F27041C4F20201884264D08F
:102AC00040F28841C4F2020188425ED040F2A04147
:102AD00056E000BF40F22741C4F20201884241DCC7
:102AE000A021C4F2020188424FD0B821C4F20201F1
:102AF00088424AD040F2104142E000BF45F26B41AB
:102B0000C5F60201884200F3B78045F23041C5F6B0
:102B10000201884200F0C38045F24441C5F602013B
:102B2000884200F0BC8045F25841B3E05821C4F21D
:102B30000201884229D07021C4F20201884224D0C7
:102B400088211DE040F2B841C4F2020188421CD045
:102B500045F20841C5F60201884200F0A08045F226
:102B60001C4197E040F22841C4F2020188420CD097
:102B700040F24041C4F20201884206D040F258417E
:102B8000C4F20201884240F01F81022184F835100E
:102B9000002184F83410016821F00101016000BFB8
:102BA00020680168C9070DD000F094FB401B06287F
:102BB000F6D320206065032084F83500012001B0A1
:102BC000BDE8F083016848F23F02CFF61062D4E915
:102BD000026501EA0209D4E9047246EA09063543AE
:102BE000D4E906C13D43D4E9083E2A4311431943C1
:102BF000BEF1040F41EA0C0303D1D4E90B121143D7
:102C00000B4341F20001C5F600410968B1F1005FD4
:102C10000FD36568A5F129061F2E00F23982012124
:102C20003F22B140CCF2C032114200F0318243F475
:102C3000801303604169BEF1040F21F0070141EAEE
:102C40000E0140F0DD80D4E90A53002B41EA050172
:102C500000F0D680BCF5005F00F0B880BCF1000F3A
:102C600040F0C080022D00F0C080012D00F0B48043
:102C7000002D00F0BA80C3E045F26C41C5F60201B8
:102C800088420CD045F28041C5F60201884206D048
:102C900045F29441C5F60201884240F09580022138
:102CA00084F83510002184F8341004F1080C016810
:102CB0009CE80C10D4E90595D4E9077EA2F18006C2
:102CC000B6FA86F66FF310117609402A45EA070234
:102CD0004FEA863641EAD30142EA090208BF1026CC
:102CE000314342EA0C0241EAD20141EA1E1140F8A6
:102CF0000819C0B2CD2148433C2101EA9020E0658B
:102D00002046FEF72DFCE16D012201F01F0102FAC1
:102D100001F141602068404500F381809F21C4F2A9
:102D20000201884214DC5721C4F20201884227DCE8
:102D30001021C4F20201884200F0C7802821C4F2A9
:102D40000201884200F0C1804021C4F20201B9E0D2
:102D500040F22741C4F20201884221DCA021C4F2E2
:102D60000201884200F0B180B821C4F20201884219
:102D700000F0AB8040F21041C4F20201A2E000BFBB
:102D80005821C4F20201884200F09F807021C4F2F1
:102D90000201884200F099808821C4F2020191E08A
:102DA00040F22841C4F20201884200F08E8040F2D5
:102DB0004041C4F20201884200F0878040F258414D
:102DC000C4F202017EE000BF4020F3E6032D17D8D5
:102DD000DFE805F00E0B0E02A3F1C072B2FA82F228
:102DE000520904E0032D03D30AD1C3F300623AB1C0
:102DF00040206065012084F8350001B0BDE8F08313
:102E000041612046FEF7ACFBE16D3F2201F01F015E
:102E100002FA01F18160206840457FF77FAF45F2FB
:102E20002F41C5F60201884216DC40F2B741C4F2D8
:102E30000201884226DC40F27041C4F2020188425D
:102E400043D040F28841C4F2020188423DD040F2B2
:102E5000A041C4F2020135E045F26B41C5F6020122
:102E600088421FDC45F23041C5F6020188422CD071
:102E700045F24441C5F60201884226D045F2584148
:102E80001EE000BF40F2B841C4F2020188421CD0EB
:102E900045F20841C5F60201884216D045F21C41B0
:102EA0000EE000BF45F26C41C5F6020188420CD02D
:102EB00045F29441C5F60201884206D045F28041B0
:102EC000C5F60201884240F0DB8045F2574CC5F65A
:102ED000020C45F6FC016045C5F602010EDC45F228
:102EE0002F42C5F60202904218DC45F20842C5F6B0
:102EF0000202904228D045F21C4221E045F27F4276
:102F0000C5F60202904213DC45F25842C5F60202B1
:102F1000904219D045F26C4212E000BF45F23042B7
:102F2000C5F6020290420FD045F2444208E000BFCD
:102F300045F29442C5F60202904205D045F2804225
:102F4000C5F60202904247D100F0FC024CF6CD4398
:102F5000083ACCF6CC43A2FB03231D09A1F1FC03E4
:102F6000A1F17C0603EB850205F01F03012707FA98
:102F700003F5A3682266802B6666A56604D100204F
:102F80006060106075601FE0D4F804E05FFA8EF3B3
:102F90001360AEF10102072A756015D85E1E082E77
:102FA00018D2604501F1440238DC45F22F43C5F6E2
:102FB0000203984242DC45F20843C5F602039842F8
:102FC00052D045F21C434BE00020C4E91B0060676F
:102FD00056E000BFE06E4EE000F0F8024AF6AB2388
:102FE000103ACAF6AA23A2FB032740F20F4540F687
:102FF00000033A09C4F20205C4F2020305F1AA066D
:10300000A84215464FF0080E88BF0EEB1715B042C8
:1030100003F1800628BF1546A4E700BF45F27F43B1
:10302000C5F60203984213DC45F25843C5F6020385
:10303000984219D045F26C4312E000BF45F230438C
:10304000C5F6020398420FD045F2444308E000BFA2
:1030500045F28043C5F60203984205D045F29443F9
:10306000C5F6020398421BD101EB8E000121B1404D
:10307000C4E91B02616700210160D4E91C014160C1
:1030800000200121606584F8351001B0BDE8F083AF
:10309000A5F14F01042938BF43F48013C9E500BFEF
:1030A00040F60000C4F2020000F1FC0100F5A0723D
:1030B000DAE700002DE9F04F85B00F680390002F8C
:1030C00000F0E280039842F2004500F120020092F5
:1030D00000F1264202F1FF72C5F602054FEAB22660
:1030E0000A23A84208BF0923092E4FF000044FF01D
:1030F00000064FF0000838BF4FEAB2230193029157
:103100000BE000BF0F6808F1010837FA08F206F17A
:10311000020604F1040400F0B780012000FA08F26E
:1031200017EA0209EED0D1F804A003200AF0030B3D
:10313000ABF10107012F00FA06F511D80398876853
:10314000D1E902E3AF43B3403B438360436823EAE2
:103150000202CAF3001303FA08F31A43426007E0BD
:10316000D1F808E0BBF1030F08BFBEF1010F27D073
:1031700003990EFA06F3CA684FEA480CAA43E843DB
:103180001A43BBF1020FCA6018D16FF00301009F10
:1031900001EA580204F01C050F2157F802E001FA79
:1031A00005FA02992EEA0A0E0B69AB4043EA0E03B8
:1031B000BB50D1F804A00AF0030B09E0029907E024
:1031C0004FF0030B0BFA06F20299D043B44600BF4E
:1031D000039F0BFA0CF33A681AF4403F02EA00022C
:1031E00042EA03023A608DD044F2F443C5F602038A
:1031F0001A6840F2084C42F002021A601A68C5F6DA
:10320000000C02F002020492049A28F0030204F077
:103210000C070F2052F80C3000FA07F50198AB4369
:1032200000FA07F73B4342F80C304FF0B040026819
:103230004B6842EA090740F2040CDD0258BF22EA5B
:1032400009070760C5F6000CDCF800209D0242EA81
:10325000090758BF22EA0907CCF80070DCF8C02043
:103260009D0342EA090758BF22EA0907CCF8C0705B
:10327000DCF8BC20DB0342EA090758BF22EA090751
:10328000CCF8BC703EE700BF05B0BDE8F08F000091
:10329000426902EA0103914341EA034181617047B7
:1032A000002A08BF09048161704700004EF60050F3
:1032B000CEF20000006800F0F0010120702908BF84
:1032C0000320704741F20000C5F600400068000C82
:1032D0007047000041F63C20C1F2000000687047D2
:1032E00046F21051C5F602010A68104308607047A3
:1032F00046F2004241F48071C5F6020242F8201005
:103300007047000040F2000041F63C21C1F200008D
:10331000C1F2000100780A6810440860704700009C
:1033200010B582B044F2D844C5F602042068812268
:1033300040F480402060206800F4804001900198B3
:1033400044F20040C4F20200016862F313210160FC
:10335000016841F001010160032000F0A3F801F0D1
:10336000CDFA54F8C01C4BF61C42C1F30321C0F641
:103370001002515C54F8C03C01F01F0103F00F0330
:10338000D25CC84002F01F01C84040F20C01C1F2FB
:103390000001086040F20801C1F200010860042049
:1033A00000F00AF810B1012002B010BD00F02CF8B6
:1033B000002002B010BD0000B0B540F20005C1F21F
:1033C00000052978F1B1044640F20800C1F200007E
:1033D0004FF47A720068B2FBF1F1B0FBF1F001F04A
:1033E0001FFB01460F2C4FF001000AD8002918BF1F
:1033F000B0BD4FF0FF302146002200F027F800203A
:103400006C60B0BD0120B0BD81B044F2F440C5F69F
:103410000200016841F002010160006800F0020052
:103420000090009801B07047002848BF704700F036
:103430001F01012202FA01F14EF20012C0F34A10FC
:10344000CEF2000242F820107047000010B54EF690
:103450000C5CCEF2000CDCF80030C3F3022E8EF0D0
:103460000704042C28BF0424BEF103034FF0FF3EE1
:103470000EFA04F438BF0023A14399400EFA03F377
:103480009A43114300F00F0200F160430901043A2E
:1034900003F564436244002848BF02F10C0319702D
:1034A00010BD00004EF60C51CEF200010A684FF636
:1034B000FF031A4060F30A2242F0806040F0FD7082
:1034C0000860704707F088FE80B5FFF7EFFE03281D
:1034D00018BF40BF20BF80BD70B544F61006C5F6CA
:1034E00002060C4656F8101C154621F0010108434F
:1034F00046F8100CFFF7DAFE012D0BD015BB0328A0
:1035000028D131684EF6105021F00101CEF20000B2
:1035100031600AE0012818BF70BD71684EF6105086
:1035200021F00201CEF2000071600168012C41F02F
:1035300004010160BFF34F8FBFF36F8F14BF20BF33
:1035400030BF03E0032818BF04363046016821F07D
:103550000401016070BD000080B501F04FF944F234
:103560002041C5F6020109684BF61C42C1F3021165
:10357000C0F61002515C01F01F01C84080BD000080
:1035800080B544F2304EC5F6020E5EF8082C5EF8A7
:10359000081C5EF804CCC1F30513DEF80410CBB1AF
:1035A000C1F3CC0100EE101A9FED3C1AB8EE400AB0
:1035B00002F0030120EE010A9FED391ADFE801F065
:1035C000022210065EF8301C89060DD49FED351AD4
:1035D00018E000BF0021C0E90011816080BD00BF7C
:1035E0009FED311A0EE000BF5EF8301C49F2000278
:1035F000C1F3C101C0F2D03222FA01F101EE101A7A
:10360000B8EE411A02EE103AB8EE422A81EE021AE2
:10361000DEF800109FED253A6FF35F2102EE101ADD
:103620005FEACC7118BFB0EE403ADEF80010B8EE99
:10363000422A33EE020AB7EE002AC1F3462130EEE9
:10364000020A013121EE000A01EE101AB8EE411A09
:1036500080EE011ABCEEC11A80ED001ADEF80010EF
:10366000C1F30641013101EE101AB8EE411A80EEA5
:10367000011ABCEEC11A80ED011ADEF80010C1F388
:103680000661013101EE101AB8EE411A80EE010A0E
:10369000BCEEC00A10EE101A816080BD0000003937
:1036A0000024744A0024744C20BCBE4B000000006F
:1036B00080B544F2384EC5F6020E5EF810CC5EF8C6
:1036C000101C5EF80C3CC1F30532DEF80410CAB1E0
:1036D000C908DB0601EAE3716FF35F3100EE101AEF
:1036E0000CF003019FED381AB8EE400ADFE801F054
:1036F000022210225EF8381C89060DD49FED341A80
:1037000018E000BF0021C0E90011816080BD00BF4A
:103710009FED2E1A0EE000BF5EF8381C49F2000340
:10372000C1F3C101C0F2D03323FA01F101EE101A46
:10373000B8EE411A02EE102AB8EE422A81EE021AC1
:10374000DEF800109FED233A6FF35F2102EE101AAE
:10375000DEF80010B8EE422A20EE030A30EE020A2C
:10376000B7EE002AC1F3462130EE020A013121EE04
:10377000000A01EE101AB8EE411A80EE011ABCEEF2
:10378000C11A80ED001ADEF80010C1F306410131C4
:1037900001EE101AB8EE411A80EE011ABCEEC11A01
:1037A00080ED011ADEF80010C1F30661013101EE6F
:1037B000101AB8EE411A80EE010ABCEEC00A10EEF3
:1037C000101A816080BD00BF0024744A20BCBE4B2B
:1037D0000024744C0000003980B544F2404EC5F618
:1037E000020E5EF818CC5EF8181C5EF8143CC1F3AB
:1037F0000552DEF80410CAB1C908DB0501EAE3711D
:103800006FF35F3100EE101A0CF003019FED381AD0
:10381000B8EE400ADFE801F0022210225EF8401CF8
:1038200089060DD49FED341A18E000BF0021C0E9CD
:103830000011816080BD00BF9FED2E1A0EE000BF19
:103840005EF8401C49F20003C1F3C101C0F2D0335D
:1038500023FA01F101EE101AB8EE411A02EE102A15
:10386000B8EE422A81EE021ADEF800109FED233AEC
:103870006FF35F2102EE101ADEF80010B8EE422A54
:1038800020EE030A30EE020AB7EE002AC1F3462109
:1038900030EE020A013121EE000A01EE101AB8EEF4
:1038A000411A80EE011ABCEEC11A80ED001ADEF852
:1038B0000010C1F30641013101EE101AB8EE411AB1
:1038C00080EE011ABCEEC11A80ED011ADEF800107C
:1038D000C1F30661013101EE101AB8EE411A80EE13
:1038E000010ABCEEC00A10EE101A816080BD00BF54
:1038F0000024744A20BCBE4B0024744C00000039E4
:1039000010B584B0024641F6FF7300209B1A70EB9D
:10391000010329DB40F2FF339B1A70EB010351DAFC
:1039200082F480630B4300F0E58082F400630B4374
:1039300000F00E8182F48052114340F0A98144F2DC
:103940000041C5F60201086DC0F30232042A00F2FC
:10395000988148F20000C0F2BB00DFE812F00D01D0
:103960000F0127019901310147F6FF739B1A70EB94
:10397000010353DA82F400430B4300F0DB8082F44E
:1039800080330B4300F0048182F40022114340F0A5
:103990007F8144F20041C5F60201886DC0F3014207
:1039A0000020DFE812F0EB0005000D01750100BFFB
:1039B0000868800040F1658101A8FFF70DFF0398BA
:1039C00004B010BD82F480730B4353D082F40072B4
:1039D000114340F05D8144F20041C5F60201086DDB
:1039E000C0F38212042A00F24C8148F20000C0F2B7
:1039F000BB00DFE812F0C100C300DB004D01050091
:103A0000CA6C0B6808685B0702F0405202D5002AB6
:103A100000F0DE80C00500F1EF80F7E082F4005393
:103A20000B434FD082F48042114340F0318144F285
:103A30000044C5F60204A06DC0F30270052800F230
:103A40002081DFE810F00700190103010D01F700E4
:103A5000270100BF00F0D2FE216A4BF61C42C1F3E1
:103A60000211C0F61002515C01F01F01C84004B001
:103A700010BD00BF44F20041C5F60201086D00F020
:103A80000702042A00F2FD8048F20000C0F2BB00E9
:103A9000DFE812F0720074008C00FE00060000BF28
:103AA000CA6C0B6808685B0702F0405202D5002A16
:103AB00000F08E80C00540F1A980B2F1805F00F077
:103AC0009E80A3E044F20040C5F60200016DC1F300
:103AD0000241052900F2D580DFE811F00600D00090
:103AE000BA00C800AE00DE0004B0BDE8104000F02F
:103AF000A9BE00BF44F20041C5F60201886DC0F3C3
:103B00004252042A00F2BD8048F20000C0F2BB001D
:103B1000DFE802F032344CBE040000BFCA6C0B6810
:103B200008685B0702F0405240F16480002A4FD0E1
:103B300060E000BF44F20041C5F60201086DC0F329
:103B400001720020DFE802F0021874A40868A4E003
:103B500044F20041C5F60201886DC0F30262042AF6
:103B600000F28F8048F20000C0F2BB00DFE802F0F4
:103B700004061E90280000BF086811E008680001D4
:103B800040F17F8001A8FFF793FD019804B010BDBC
:103B900044F20040C5F60200C16C0068C90321D49C
:103BA00080016ED501A8FFF7EBFC70E0086880008B
:103BB00067D501A8FFF710FE019804B010BD00BF43
:103BC000CA6C0B6808685B0702F0405212D58AB9CC
:103BD00049F20001C0F3C100C0F2D03121FA00F077
:103BE00004B010BD00014CD501A8FFF761FD03989A
:103BF00004B010BDC00509D5B2F1805F06D140F612
:103C00000010C0F23D0004B010BD00BF0868B2F162
:103C1000005F00F400314FF0000004BF47F64000A1
:103C2000C0F27D10002908BF084604B010BD00BFD7
:103C3000086824E0206800E0006840F60011C00534
:103C4000C0F23D0101EAE07004B010BD206800E060
:103C50000068800015D501A8FFF7BEFD17E000BF82
:103C6000206840070DD52068B2E700BF016849070A
:103C700007D50068ACE700BF206800E000680001DD
:103C800002D4002004B010BD01A8FFF711FD029876
:103C900004B010BD206800E0006847F640018003D2
:103CA000C0F27D1101EAE07004B010BD2DE9F047CB
:103CB0000446C07844F22C480007C5F6020828D50F
:103CC000E06E4FEA305103292AD8DFE801F0030BF8
:103CD000131B00BFD8F8001041F40031C8F80010E1
:103CE00010E000BF04F10800022103F08BFD06463E
:103CF00080B906E004F12800022103F00DFE06461B
:103D000040B9E06ED8F8241021F440110843C8F8F7
:103D1000240000266078C00706D135462FE000BF9A
:103D200001266078C007F8D0E06D042858D83546E1
:103D3000DFE800F004140E0B0B0000BFD8F8000001
:103D4000354640F40030C8F800002F46C5B90DE0F4
:103D500004F12800002103F0DFFD04E004F1080075
:103D6000002103F04FFD05462F464DB9D8F8240039
:103D7000E16D20F0070008430025C8F8240037460D
:103D80006078800731D5206E4FEAB01004285FD8E4
:103D9000DFE800F004140E0A0A0000BFD8F80000A3
:103DA00040F40030C8F800002E46FDB90EE000BF18
:103DB00004F12800002103F0AFFD04E004F1080045
:103DC000002103F01FFD05462E467DB9D8F82400DA
:103DD000216E20F4E07008430025C8F8240004E0B8
:103DE0000125012760788007CDD43E4660784007E2
:103DF00033D5D4F8AC004FEA7050042860D8DFE81F
:103E000000F003130D090900D8F8000040F4003059
:103E1000C8F80000A9460DBB0EE000BF04F1280061
:103E2000002103F079FD04E004F10800002103F013
:103E3000E9FC0546A9468DB9D8F82C00D4F8AC1099
:103E400020F4600008430025C8F82C0005E000BFFE
:103E50000125012660784007CBD4B1466078000781
:103E600034D5D4F8B0004FEA306004285ED8DFE8DB
:103E700000F003130D090900D8F8000040F40030E9
:103E8000C8F800002F4615BB0EE000BF04F1280063
:103E9000002103F041FD04E004F10800002103F0DB
:103EA000B1FC05462F4695B9D8F82C00D4F8B010CF
:103EB00020F0E06008430025C8F82C0006E000BFB1
:103EC00001254FF0010960780007CAD44F46E07819
:103ED000800730D5E06C4FEA3010032820D8DFE8A7
:103EE00000F00903150900BFD8F8000040F40030C5
:103EF000C8F800002E46ADB9D8F82000E16C20F0DB
:103F0000300008430025C8F8200014E004F1080040
:103F1000022103F077FC05462E461DB9ECE700BFF1
:103F2000012501266078C00609D434E00125012767
:103F3000E0788007CED43E466078C0062BD5606E10
:103F40004FEA3030042839D8DFE800F004140E0AB4
:103F50000A0000BFD8F8000040F40030C8F80000A4
:103F60002F46CDB90EE000BF04F12800002103F078
:103F7000D3FC04E004F10800002103F043FC0546F3
:103F80002F464DB9D8F82400616E20F4E040084374
:103F90000025C8F8240037466078800635D5A06E25
:103FA0004FEA3040052815D8DFE800F0041A0E0467
:103FB000040400BF2E46DDB91EE000BF0125012725
:103FC00060788006EBD420E004F12800012103F0A2
:103FD000A3FC0AE0012501266078400619D449E0D7
:103FE00004F10800012103F00DFC05462E461DB129
:103FF000607840060DD43DE0D8F82400A16E20F48E
:10400000E02008430025C8F824003E4660784006BA
:1040100030D5D4F8B4004FEA307005280ED8DFE868
:1040200000F00313070303032F46ADB918E000BFE8
:1040300004F12800012103F06FFC0AE001250127AB
:10404000E07840071AD42FE004F10800012103F0C2
:10405000D9FB05462F461DB1E07840070ED423E07A
:10406000D8F82C00D4F8B41020F0E0400843002524
:10407000C8F82C003746E078400715D5206D40B1D0
:10408000B0F5807F26D104F10800012103F0BAFBCE
:1040900005462E464DB9D8F82000216D20F48070D9
:1040A00008430025C8F820003E466078000628D561
:1040B000606F58B1B0F1005F12D0B0F1805F3DD1B8
:1040C000D8F8000040F40030C8F800002F46CDB901
:1040D0000EE000BF0125012660780006E8D410E05C
:1040E00004F10800012103F08DFB05462F464DB970
:1040F000D8F82400616F20F0405008430025C8F82C
:1041000024003746E078C0071DD0A06C032857D89C
:10411000DFE800F008024C08D8F8000040F4003056
:10412000C8F80000A9467DB9D8F82000A16C20F09D
:10413000030008430025C8F8200004E001250127FA
:10414000E078C007E1D1B946A078400602D44F46D6
:1041500018E000BFD8F8D40340F48070C8F8D40346
:10416000FFF7B8F8064600BFD8F8D403C00507D457
:10417000FFF7B0F8801B6428F6D90325032701E078
:104180002F460DB32078C00700F07280D4F880006D
:104190004FEAF00005284FD8DFE800F00454480447
:1041A000040400BF002D2E4654D157E004F108004E
:1041B000022103F027FB0546002DA946C4D1B3E731
:1041C00001254FF00109BFE7D8F84410D4F8B80032
:1041D000414011F4407F11D0D8F84410D8F8442061
:1041E00021F4407142F48032C8F84420D8F84420C9
:1041F00022F48032C8F84420C8F84410B0F5807F1B
:1042000040F0E082FFF766F8064641F2883A03255F
:10421000032700BFD8F84400800700F1D182FFF7E0
:1042200059F8801B5045F5D9ACE700BF04F12800D0
:10423000012103F071FB0AE00125012620788007A7
:104240001AD446E004F10800012103F0DBFA054628
:104250002E461DB1207880070ED43AE0D8F8280009
:10426000D4F8801020F0380008430025C8F8280052
:104270003E46207880072CD5E06F05280ED8DFE871
:1042800000F00313070303032F46ADB918E000BF86
:1042900004F12800012103F03FFB0AE0012501277A
:1042A0002078400719D447E004F10800012103F009
:1042B000A9FA05462F461DB1207840070DD43BE0F2
:1042C000D8F82800E16F20F0070008430025C8F85F
:1042D00028003746207840072ED5D4F898000528C6
:1042E0000ED8DFE800F00313070303032E46ADB931
:1042F00018E000BF04F12800012103F00DFB0AE0E3
:1043000001250126207880061AD44BE004F108002C
:10431000012103F077FA05462E461DB1207880066C
:104320000ED43FE0D8F82C00D4F8981020F0070005
:1043300008430025C8F82C003E462078800631D579
:10434000D4F894004FEA307005280FD8DFE800F069
:1043500004140804040400BF2F46ADB918E000BFE0
:1043600004F12800022103F0D7FA0AE00125012711
:10437000207840061AD44BE004F10800002103F035
:1043800041FA05462F461DB1207840060ED43FE085
:10439000D8F82800D4F8941020F0E0400843002515
:1043A000C8F8280037462078400631D5D4F8A00058
:1043B0004FEAB02005280FD8DFE800F00414080405
:1043C000040400BF2E46ADB918E000BF04F1280078
:1043D000022103F0A1FA0AE0012501262078000657
:1043E0001AD44EE004F10800002103F00BFA054650
:1043F0002E461DB1207800060ED442E0D8F82C00DD
:10440000D4F8A01020F4E05008430025C8F82C0090
:104410003E462078000634D5D4F8A4004FEA703028
:10442000052815D8DFE800F0041A0E04040400BFC4
:104430002F46E5B12068010727D4C1063ED400030A
:1044400055D477E004F12800022103F065FA0AE070
:104450000125012720680107EFD516E004F10800C7
:10446000002103F0CFF90546002D2F46E2D1D8F800
:104470002C00D4F8A41020F4604008430025C8F8AC
:104480002C00374620680107D7D5D4F88800B0F54E
:10449000805F09D104F12800022103F03DFA0028D1
:1044A00018BF0127D4F88800D8F8281021F440510B
:1044B0000843C8F828002068C106C0D5D4F89C007D
:1044C000B0F5807F09D104F12800022103F024FA1D
:1044D000002818BF0127D4F89C00D8F82C1021F42C
:1044E00040710843C8F82C002068000322D5D4F896
:1044F000A800B0F5003F11D0B0F5803F08D00028EB
:1045000044D104F10800002103F07CF905E000BF6C
:1045100004F12800022103F0FFF905462E4655B9A3
:10452000D8F82C00D4F8A81020F440300843002517
:10453000C8F82C003E46A07840072CD5D4F88C0053
:10454000B0F5401F0BD0B0F5001F0BD0B0F5801FA9
:104550002AD1D8F8000040F40030C8F800002F46F7
:10456000D5B907E004F12800012103F0D5F905468B
:104570002F468DB9D8F82800D4F88C1020F44010BC
:1045800008430025C8F8280005E000BF01250126E2
:10459000A0784007D2D43746A078C00709D13E465C
:1045A0002068810015D532E001250127A078C007D9
:1045B000F5D0606DB0F5803F10D018BBD8F8000082
:1045C00040F40030C8F800002E4685B12068810014
:1045D0001DD46168820326D469E000BF04F108009D
:1045E000022103F00FF90546002D2E46EED1D8F832
:1045F0002000616D20F4803008430025C8F82000B9
:10460000CDE700BF0125012620688100E1D504F136
:104610002800022103F080F9002818BF0126D4E900
:104620000001820343D5D4F884206FF0010303EB2B
:104630003223022B0BD34FEA322343B1012B40F03C
:10464000B980D8F8003043F40033C8F800303DB3E7
:10465000C2022FD4C20037D4820240D4420048D4D0
:10466000C20F55D100025DD4C80766D188076FD448
:10467000480779D4080700F18380C80600F18C80D0
:10468000880607D504F12800022103F045F9002827
:1046900018BF0125002D18BF01252846BDE8F08769
:1046A000D8F8283023F440731A43C8F82820354638
:1046B000C202CFD5D8F82420A36F22F000421A43BB
:1046C000C8F82420C200C7D558F81C2CD4F8BC3038
:1046D00022F480421A4348F81C2C8202BED5D8F836
:1046E0002420236F22F080721A43C8F8242042004D
:1046F000B6D558F81C2C22F4004248F81C2CD4F8EB
:10470000C02058F81C3C1A4348F81C2CC20FA9D0F2
:10471000D8F82020A36D22F040521A43C8F8202078
:104720000002A1D5D8F82800D4F8902020F4400049
:104730001043C8F82800C80798D004F108000021E9
:1047400003F060F86168002818BF054688078FD518
:1047500004F10800012103F055F86168002818BF32
:10476000054648077FF586AF04F10800022103F0F3
:1047700049F86168002818BF054608077FF57DAF36
:1047800004F12800002103F0C7F86168002818BF71
:104790000546C8067FF574AF04F12800012103F037
:1047A000BBF86168002818BF054688063FF56AAF68
:1047B00070E700BF0125C2027FF54CAF7AE700BF6A
:1047C000D4F8B80058F81C1C4FF6CF7300F44072B0
:1047D00021F47C51C0F2FF0303EA1013B2F5407FCD
:1047E00008BF194348F81C1CD8F844106FF31F3059
:1047F00008430025C8F84400FFF7A9BC80B500F0C5
:104800007DF844F21841C5F602010A684BF61C43D4
:10481000C2F30322C0F610039A5C096802F01F027B
:1048200001F00F01595CD04001F01F01C84040F277
:104830000C01C1F20001086040F20801C1F2000160
:10484000086080BD80B500F059F844F2184CC5F6F8
:10485000020CDCF800204BF61C43C2F30322C0F626
:1048600010039A5CDCF8001002F01F0201F00F0147
:10487000595CD04001F01F01C84040F20C01C1F268
:104880000001086040F20801C1F200010860DCF894
:104890000410C1F30211595C01F01F01C84080BD32
:1048A00080B500F02BF844F2184CC5F6020CDCF889
:1048B00000204BF61C43C2F30322C0F610039A5C9F
:1048C000DCF8001002F01F0201F00F01595CD0402B
:1048D00001F01F01C84040F20C01C1F20001086064
:1048E00040F20801C1F200010860DCF80410C1F3D5
:1048F0000221595C01F01F01C84080BD44F2004113
:10490000C5F602010869C0F3C20003281CD00228C2
:1049100014D000281EBF40F60010C0F23D007047C2
:104920000868800649F20000C0F2D03058BF7047D6
:104930000968C1F3C101C840704700BF47F6400095
:10494000C0F27D10704700BF8B6A886AD1F82CC016
:10495000C0F30512486B002A04BF00207047C0F363
:10496000CC0000EE100A9FED281AB8EE400A03F0C2
:10497000030320EE010A9FED251ADFE803F0031A76
:10498000091A00BF0868800606D49FED221A10E0BD
:104990009FED1F1A0DE000BF086849F20003C0F345
:1049A000C100C0F2D03323FA00F001EE100AB8EED5
:1049B000411A02EE102AB8EE422A81EE021A086B62
:1049C0009FED153A6FF35F2002EE100A5FEACC709C
:1049D00018BFB0EE403A086BB8EE422A33EE020A36
:1049E000B7EE002AC0F3462030EE020A013021EE75
:1049F000000A01EE100AB8EE411A80EE010ABCEE80
:104A0000C00A10EE100A7047000000390024744AF2
:104A100020BCBE4B0024744C000000007047000016
:104A2000411E0020B0EB116F1CBF012070474EF2F9
:104A30001002CEF2000251604EF62351CEF2000178
:104A4000F0230B700721906011607047FFF7E6BFFD
:104A500090F83C20012A04BF0220704710B5D1E92C
:104A60000232D1E900CE22F47C5223F470531A436F
:104A700048F2FF73CFF6F07303EA0E0342EA030E27
:104A80000A692CF4772343EA0E0322F476221343B7
:104A90004A69D0F800C043EA020E40F200424CF4EA
:104AA0008063C4F2010293428A6A2EF4742E22F4C7
:104AB00070228B6942EA0E0242EA03430FD123F0CF
:104AC0007C72D1E9073E496A0024CFF6F04404EA3B
:104AD0000151114323F00072114341EA0E030021FA
:104AE000CCF8443080F83C10002010BD90F83C30E9
:104AF000012B04BF02207047F0B513685D1E072D1F
:104B000026D827A656F825402DA656F825C034A647
:104B100056F825703AA656F825E0022920D001293A
:104B200036D10168082B0D6E566825EA040506FA91
:104B300007F604EA060404EB050307D0926823EAAB
:104B40000C0302FA0EF202EA0C0213440B661DE09B
:104B500000244FF0000C00274FF0000E0229DED198
:104B60000168082B4D6E566825EA040506FA07F61B
:104B700004EA060404EB050307D0926823EA0C0359
:104B800002FA0EF202EA0C0213444B66002100E026
:104B90000121002280F83C20BDE8F0400846704723
:104BA00001000000020000000000000004000000FE
:104BB00000000000000000000000000000010000F4
:104BC00000020000000400000000000000080000D7
:104BD00000000000000000000000000000000000D5
:104BE00000000000010000000000000002000000C2
:104BF00000000000000000000000000008000000AD
:104C0000090000000A000000000000000B00000086
:104C10000000000000000000000000000000000094
:104C200090F83C20012A4FF002025CD010B580F8C9
:104C30003D20026840F2004C5368D2F808E042F48C
:104C40008064C4F2010C644503D14C6823F4700302
:104C500023430C6823F07003234341F2FF74C4F232
:104C60000004A24253600BDC40F2FF73C4F2000365
:104C70009A4215DCB2F1804F28D040F2004317E091
:104C800040F2FF33C4F201039A4217DC41F60003FD
:104C9000C4F200039A4219D00023C4F2010309E0D0
:104CA00040F60003C4F200039A420FD040F60043DE
:104CB000C4F200039A4209D00DE000BF44F20003A1
:104CC000C4F201039A4201D0624504D189682EF0F2
:104CD0008003194391600121002280F83D1080F883
:104CE0003C20BDE8104010467047000070B586B00B
:104CF000006840F20041C4F2010188424FF0000117
:104D00000591CDE90311CDE901111FD040F2004119
:104D1000C4F2000188424BD144F2E040C5F60200E3
:104D2000016841F002010160006800F0020000909B
:104D30000098102001900220CDE90200CDE9040086
:104D400040F20040C5F602002FE000BF44F2E04010
:104D5000C5F60200016840F2004641F0040101601E
:104D60000168C5F6020601F004010091009901688E
:104D7000022441F4807101600068032500F4807012
:104D800000900098C020019006F5806001A9CDE94F
:104D9000024404940595FEF78DF98020CDE90104C5
:104DA00006F5E050CDE90344059501A9FEF782F927
:104DB00006B070BD90F83C30012B04BF0220704754
:104DC0004FEAB202052A00F21F812DE9F041DFE827
:104DD00012F00700B900570093003100F50000BF42
:104DE000036843F6FF761D6A1A6A25F0020522F071
:104DF00001021A621A46D3F804C052F818EF8F68FD
:104E0000D1F80080C4F20106B34245EA070540F339
:104E10007D8144F20007C4F20107BB4200F08181AA
:104E200044F60007C4F20107BB4200F07A8144F265
:104E3000004772E1036843F6FF77D3F820C01A6A8F
:104E4000C4F2010722F480321A621A465D6852F8F1
:104E5000544FD1F800E08E68BB4240F3DB8044F24F
:104E60000007C4F20107BB4200F0DF8044F60007F0
:104E7000C4F20107BB4200F0D88044F20047D0E002
:104E8000036840F200461C6A1A6A43F4806722F401
:104E900080721A621A46C4F201065D6852F81CEF6D
:104EA000B7428F68D1F800C024F4007444EA0724A4
:104EB00008D11F6A24F4006427F480671F62CF685A
:104EC00044EA072443F6FF77C4F20107BB4240F3EC
:104ED000CD8044F20006C4F20106B34200F0CD805A
:104EE00044F60006C4F20106B34200F0C68044F264
:104EF0000046C4F20106BEE0036843F6FF77D3F82C
:104F000020C01A6AC4F2010722F480521A621A46BB
:104F10005C6852F81C5FD1F800E08E68BB4240F339
:104F2000CB8044F20007C4F20107BB4200F0CF80FF
:104F300044F60007C4F20107BB4200F0C88044F207
:104F40000047C0E0036840F200461C6A1A6A43F456
:104F5000806722F010021A621A46C4F201065D68E8
:104F600052F818EFB7428F68D1F800C024F020043F
:104F700044EA071408D11F6A24F0800427F0400790
:104F80001F62CF6844EA071443F6FF77C4F20107B3
:104F9000BB4240F3DF8044F20006C4F20106B34294
:104FA00000F0DF8044F60006C4F20106B34200F0D0
:104FB000D88044F20046C4F20106D0E0036843F60C
:104FC000FF77D3F820C01A6AC4F2010722F48012D6
:104FD0001A621A465D6852F8544FD1F800E08E68A4
:104FE000BB4240F3078144F20007C4F20107BB4211
:104FF00000F00B8144F60007C4F20107BB4200F049
:10500000048144F20047FCE00121002280F83C20AA
:10501000084670470027C4F20107BB4205D040F2A2
:105020000047C4F20107BB4204D14F6925F4803523
:1050300045EA07252CF4003747EA06474FF68C76F9
:10504000CFF6FE760336264046EA0E065D605E65C4
:105050004E6809699E651F625F6D47F008075F65CE
:105060005F6D27F004075F65F0E000BF0027C4F222
:105070000107BB4201D0B34206D1D1E9056725F44F
:1050800040553E4345EA06154FF68C76CFF6FE7640
:105090000EEA060747EA0C075D60DF614F680969A1
:1050A000DF631C62DF6947F00807DF61DF6927F013
:1050B0000407DF61CAE000BF0027C4F20107BB425A
:1050C00005D040F20047C4F20107BB4204D14F694A
:1050D00024F4804444EA87142CF4005747EA063746
:1050E00048F6FF46CFF6FF662E4046EA0E265C6085
:1050F000DE614E6809691E641F62DF6947F400675C
:10510000DF61DF6927F48067DF619EE00027C4F27A
:105110000107BB4205D040F20047C4F20107BB4281
:1051200007D11F6A25F0080527F004071F62CF6822
:105130003D43B34234DD44F20006C4F20106B342FB
:1051400039D044F60006C4F20106B34233D044F22B
:1051500000462CE00027C4F20107BB4201D0B34255
:1051600006D1D1E9056725F440653E4345EA860549
:1051700048F6FF46CFF6FF660EEA060747EA0C2719
:105180005D609F614F6809699F631C629F6947F476
:1051900000679F619F6927F480679F6155E000BFAA
:1051A0000026C4F20106B34205D040F20046C4F224
:1051B0000106B34206D1D1E905672CF440742643B9
:1051C00046EA070C4FF68C74CFF6FE740EEA04071D
:1051D00047EA0807C3F804C09F614F6809695F6325
:1051E0001D629F6947F008079F619F6927F00407C8
:1051F0009F612BE00027C4F20107BB4205D040F2BB
:105200000047C4F20107BB4204D14F6925F4802551
:1052100045EA87252CF4001747EA065748F6FF466B
:10522000CFF6FF6606F54076264046EA0E265D601C
:105230005E654E680969DE651F625F6D47F4006751
:105240005F655F6D27F480675F6509021368194326
:1052500011600021BDE8F041002280F83C200846A2
:1052600070470000002804BF0120704710B50446B5
:1052700090F83D0028B9002084F83C00204600F05A
:1052800023F8022084F83D002068211D04F046FC2C
:10529000012084F8480084F83E0084F83F0084F838
:1052A000400084F8410084F8420084F8430084F808
:1052B000440084F8450084F8460084F8470084F8E8
:1052C0003D00002010BD000080B586B0006840F2AF
:1052D0000042C4F2010200219042CDE90411CDE95F
:1052E0000211019114D040F20041C4F20001884241
:1052F00033D144F2E040C5F60200816841F002017A
:105300008160806800F002000090009806B080BDC7
:1053100044F2E040C5F60200026942F00202026176
:10532000026902F002020092009A026842F0010251
:105330000260006800F00100009000984020019099
:10534000122002900120CDE90301032005900020E6
:10535000C5F6020001A9FDF7ADFE06B080BD000054
:1053600080B5D9B10B1F4FEAB30E43224FF03F0C6B
:10537000BEF1040F38BF0CEBB302825C012A1CBFE4
:10538000012080BDBEF1030F1ED8DFE80EF0031927
:10539000111500BF022280F83F2018E090F83E204F
:1053A000012A1CBF012080BD022280F83E200EE0B1
:1053B000022280F841200AE0022280F8422006E022
:1053C000022280F8402002E0022280F84320026896
:1053D00001F01F000121136A01FA00F023EA000125
:1053E0001162116A08434FF6FF71C4F200018A424C
:1053F000106219DC40F2FF70C4F20000824231DD1D
:1054000040F60000C4F20000824245D040F6004061
:10541000C4F2000082423FD041F60000C4F2000016
:10542000824239D045E000BF43F6FF70C4F201006C
:10543000824244F2000040F20001C4F20100C4F2D2
:10544000010119DD82421FD044F60003C4F20103BA
:105450009A4219D044F20043C4F201039A4213D095
:1054600027E000BFB2F1804F16D040F20040C4F2F6
:105470000000824210D01CE08A4205D040F2004376
:10548000C4F201039A4214D1536C8A4243F400439C
:10549000536418BF824213D190680721C0F2010102
:1054A000014006294FF0000008D0B1F5803F08BF49
:1054B00080BD106840F001001060002080BD00BF7A
:1054C00040F20040C4F201008242E5D0F1E7000062
:1054D00090F88410012904BF022070472421C0F8ED
:1054E000881001680A680B6822F0005223F001035B
:1054F0000B60002343660A602021C0F8881080F802
:10550000843000207047000090F88420012A04BFF6
:1055100002207047B0B52422C0F888200268D0F875
:1055200064E0D2F800C01368BEF1000F23F001035D
:105530001360936823F0606341EA0301916019D01E
:10554000936891684BF66C5E490FC0F6100E4BF6EF
:1055500074551EF80140C0F61005695CC3F3426340
:105560002401B4FBF1F11EF80340EB5C2501B5FB0F
:10557000F3F301E001210123A0F86A102021A0F833
:105580006830C2F800C0C0F88810002180F884108C
:105590000020B0BD90F88420012A04BF022070478B
:1055A000B0B52422C0F888200268D0F864E0D2F8B0
:1055B00000C01368BEF1000F23F00103136093686D
:1055C00023F0604341EA0301916019D09368916828
:1055D0004BF66C5E490FC0F6100E4BF674551EF874
:1055E0000140C0F61005695CC3F342632401B4FBBB
:1055F000F1F11EF80340EB5C2501B5FBF3F301E08C
:1056000001210123A0F86A102021A0F86830C2F817
:1056100000C0C0F88810002180F884100020B0BDC0
:1056200010B5D0B10446D0F8880028B9002084F81D
:105630008400204600F026F82420C4F88800206862
:10564000A16A026822F00102026011B1204604F052
:1056500081FD204604F0A8FE10B1012010BD00BF5E
:105660002168486820F490404860886820F02A004B
:105670008860086840F0010220460A60BDE81040DA
:1056800004F0DCBD2DE9F041BAB0044602A80025C3
:105690000830C0213995CDE93755CDE93555FBF7AF
:1056A0000CF8206844F60001C4F20001884203D0DF
:1056B0003AB0BDE8F08100BF0395022502A802952B
:1056C000FEF7F4FA002818BFFBF7EAFF44F2E040C7
:1056D000C5F60200816840F2100841F48021816023
:1056E0008168002601F48021019101990168C4F2CA
:1056F000020841F002010160006835A900F00200D3
:10570000019001984FF44060CDE9350507203990AC
:1057100040F20040C5F60200CDE93766FDF7CAFC4D
:1057200041F61405C1F200052D204FF48067C5E94C
:1057300000802846C5E90266C5E90476C5E9066623
:10574000C5E90866FDF782F9002818BFFBF7A8FF36
:10575000C4F88050AC6341F68C0508F11800C1F222
:1057600000052E21402285E8C7002846C5E90566C8
:10577000C5E907666E62FDF769F9002818BFFBF7F7
:105780008FFFE567AC633AB0BDE8F08100F0380008
:10579000082804BF01207047182804BF0420704760
:1057A000102814BF002002207047000000F03802CB
:1057B000102A40F0978020F02F00B0F51D6F19DB04
:1057C000B0F5356F2CDBB0F5456F7BDB00F0D68094
:1057D000B0F5496F00F0A28041F6D042904240F00F
:1057E000818040F23C40C1F20000021D00200A60AE
:1057F000704700BFB0F50D6F26DAB0F5056F45DADA
:10580000B0F5FA6F00F09480B0F5016F6AD140F204
:105810008400C1F20000006A821C00200A60704708
:10582000B0F5256F24DAB0F51D6F63D0B0F5216FA8
:1058300058D140F28400C1F20000006A00F1140265
:1058400000200A60704700BFB0F5156F2CDAB0F584
:105850000D6F75D0B0F5116F44D140F28400C1F2E4
:105860000000006A00F10A0200200A60704700BFD1
:105870004AD0B0F5296F35D140F28400C1F2000062
:10588000006A00F1180200200A60704762D0B0F58B
:10589000096F27D140F28400C1F20000006A821D26
:1058A00000200A60704700BF5ED0B0F5196F19D1B3
:1058B00040F28400C1F20000006A00F10E020020F4
:1058C0000A607047B0F5356F62D0B0F5396F09D115
:1058D00040F28C20C1F2000000F10C0200200A60AE
:1058E000704700BF40F2C0520520C1F200020A60BA
:1058F000704700BF40F28400C1F20000006A00F16E
:10590000120200200A60704740F28400C1F20000D9
:10591000006A00F1160200200A60704740F28C20F5
:10592000C1F2000000F1720200200A60704700BF5F
:1059300040F28400C1F20000026A00200A60704751
:1059400040F28400C1F20000006A00F10802002069
:105950000A60704740F28400C1F20000006A021D34
:1059600000200A60704700BF40F28400C1F20000CE
:10597000006A00F10C0200200A60704740F28C209F
:10598000C1F2000000F1700200200A60704700BF01
:1059900040F28C20C1F20000021D00200A60704716
:1059A00004F06EF9FEE7000010B5D0E9070403F03B
:1059B000B1FCE06010BD00008179012918BF70477B
:1059C000B0B5C179012927D0032919D0022912D1F4
:1059D000D0E90712002304460846042182F820304B
:1059E00003F0BAFCE069B4F91610228B03F03CFC1A
:1059F0000146204651B903248471BDE8B040704788
:105A0000016A012281F82020426ACA60022484715E
:105A1000BDE8B040704700BFD0E90712002305463B
:105A20000846032182F82030032403F095FCE8693E
:105A3000B5F914102A8B03F017FC014628460029FB
:105A400018BF02248471BDE8B0407047818240F2E3
:105A50000111C1800321028301727047C18240F2AB
:105A60000121C180042102830172704710B50446F0
:105A700000F066F80B281CBF002010BD204600F087
:105A80001BF800284FF0000018BF10BDA0800220B6
:105A90002070012010BD000043880B4323EA02025E
:105AA000838842801943818070470000C069406943
:105AB00003F06CBB007A704740887047818840884B
:105AC00041EA004070470000006A0068704700002B
:105AD000006A406870470000C17903290ED002298E
:105AE00008D001291EBF012000B27047B0F9141080
:105AF00006E000BFB0F9161002E000BFB0F92410B4
:105B00004FF0FF30B1F1FF3FC8BF012000B2704736
:105B1000006A806870470000006AC0687047000033
:105B2000008B7047B0F9140070470000B0F9160000
:105B300070470000C06903F0F1BB00008088704727
:105B400040787047006AB0F91A007047006AD0F8D0
:105B500016007047006AD0F8120070470A0C818462
:105B600040F20131C1800421C284017270470000FB
:105B700010B50446FFF7E4FF38B92046FFF7DEFF13
:105B800018B92046FFF798FF10B1002010BD00BFE4
:105B900001202070A07110BDB0B50446FFF7D0FF02
:105BA00005462046FFF7CAFF18B92046FFF784FFD5
:105BB00010B10020B0BD00BF4FF000002DB10C2D82
:105BC00008BFB0BD052020700120B0BDC069002114
:105BD000C160C1617047000046F634420114CFF63F
:105BE000FF7251434BF21A62CFF6FF7212FB0011A3
:105BF000CA1321F3CF31090480B212F5004FDCBF84
:105C00000021C8F2010108447047000010B50446A5
:105C1000084600F06BF810FB04F12214031403FB98
:105C2000121110FB14F310FB2430C31320F3CF30F8
:105C3000CA1321F3CF31000489B213F5004FDCBF42
:105C40000020C8F2010012F5004FD8BF48F2010150
:105C5000084410BD10B50446084600F047F821B2CC
:105C6000021410FB14F302FB113110FB04F210FBC1
:105C700034204900C1EAE03010BD00000128BCBF5B
:105C8000002070474FF400520D21B0F5001F98BF5F
:105C9000802298BF072120FA01F1531E81EA030CEC
:105CA0001943A1EB5C0191421DD0B0FBF1F20A4413
:105CB00052089142114616D0B0FBF2F11144490846
:105CC0008A4210D0B0FBF1F20A44520891421146C8
:105CD00009D0B0FBF2F1114449088A4203D0B0FB6D
:105CE000F1F00844410808467047000081B20222E2
:105CF00082EA9132C0F387110FF20400DFE802F06C
:105D0000022E12204BF68650C0F6100030F81120FB
:105D100081F0FF0130F8111050424942C1EA0040C1
:105D2000704700BF4BF68652C0F6100232F81100E1
:105D300081F0FF0132F81110C1EA0040704700BF46
:105D40004BF6865281F0FF00C0F6100232F81110B7
:105D500032F810004942C1EA004070474BF68652C3
:105D600081F0FF00C0F6100232F8100032F8111076
:105D70004042C1EA004070472DE9F047B1F8008089
:105D80008146B8F1000F49D0D9F80000C08980459C
:105D900084BF0920BDE8F087887899F81E3089F81B
:105DA0002100C87889F823000A7989F825204A79E2
:105DB00017189F4289F8272084BF0A20BDE8F08782
:105DC000104301F1060731D0002600244FF0000AED
:105DD00014E000BF2846FFF7D9FCD9F80C100134B5
:105DE0008855D9F80C0099F8231099F82720805D80
:105DF0001144E6B20237B142824419D9D9F80400FD
:105E00003D8800EB86012846FFF7D0FC99F8230077
:105E1000E1B28142DED20220DFE700BFB9F81820EC
:105E2000002089F82900F2B92BE000BF4FF0000AEA
:105E3000062010FA8AF0404584BF0920BDE8F087AB
:105E4000A8EB0A000238A9F81A00387889F8290066
:105E500000284FF0000018BFBDE8F087B9F81820FF
:105E600089F829006AB1D9F8141099F82A30D9F8BC
:105E700000008B52B9F818204768023292B2092309
:105E8000B8470020A9F8180089F82A0089F81F00EF
:105E900089F82200BDE8F087C17F90F82220914266
:105EA0001EBF0131C17770472DE9F047028B0021F9
:105EB000002AC17745D1014651F8142B04461368D6
:105EC00010460922984701462046B1B340F2B85225
:105ED000C1F200024169126890F82A300A6090F815
:105EE00029100422028399424FF0000280F82020FA
:105EF00023D080F82A1090F8211090F8232090F8F1
:105F0000273080F8221090F82510478B80F8242045
:105F100080F8283080F826108783D0E901101A44D1
:105F20009200FAF776FB94F8232094F82730D4E90E
:105F300003101A44FAF728FB2046028B002A00F0CF
:105F40000981818B8A4200F2AE8090F82490D0F8CB
:105F500014C0B9F1000F56D0D0F808800CEB020144
:105F6000B9F1040F09F0030E04D20025BEF1000FB1
:105F70002CD148E009F0FC0AA8F110040023002508
:105F800054F8102F083B1288666821F81520028B00
:105F9000A76802320283328801EB45067280028BC9
:105FA0000435023202833A88E768B280028BAA4540
:105FB00002F1020202833A88F280028B02F10202AD
:105FC0000283DDD1C91ABEF1000F1CD058F825207C
:105FD000BEF1010F12880A80028B02F102020283D5
:105FE00011D008EB85035A68BEF1020F12884A806F
:105FF000028B02F10202028305D09A6812888A801D
:10600000018B8A1C028390F82610FD294BD890F84A
:1060100020308B4244D190F828100023002980F8CA
:10602000203040D08568046901EB090E4B4600BF63
:1060300055F8297096B23F684CF8067014F809704C
:106040003A445F1CFFB2BE4502832CD955F8276045
:1060500091B236684CF80160E15D0A44991CCFB2F8
:10606000BE4502831FD955F8271096B209684CF82F
:106070000610E15D0A44D91CCFB2BE45028312D995
:1060800055F8271096B2096804334CF80610E15D04
:106090005FFA83F90A44CE450283C9D803E000BF02
:1060A000591C80F82010818B93B28B4298BFBDE8B9
:1060B000F08790F82610FE293CD190F82810C9B33B
:1060C00090F82460D0F808E0D0E9044501EB060C14
:1060D000374600BF5EF8261093B20968E950A15D0B
:1060E0000A44791CCEB2B445028323D95EF8261047
:1060F00093B20968E950A15D0A44B91CCEB2B44517
:10610000028317D95EF8261093B20968E950A15DA1
:106110000A44F91CCEB2B44502830BD95EF82610AE
:1061200093B209680437E950A15DFEB20A44B44550
:106130000283CFD8416990F82A7092B28F520368D7
:10614000028B5F68023292B2044618460923B847B0
:1061500000202083BDE8F0872DE9F04F83B0D0E91F
:106160000035824635F8020BBAF80C6020F0FF07C4
:106170000021B7F5807FA6F10206D0464FEAD00293
:10618000AAF80C60CAF804509B8928F80E1F08BFB3
:10619000C0F3C401B7F5807F08BF2022202A4FF04A
:1061A000020B00F20D81013800F0070040F2840775
:1061B00000EB8000C1F2000707EBC000013B0FFAC3
:1061C00083F9DFE812F021007F002D00EE00CE0001
:1061D0006100C900D100FD00E100FD00FD00FD00EF
:1061E000D500FD002900FD00FD00FD00FD00FD00C3
:1061F000FD00FD00FD00FD00FD00FD00FD00FD00B7
:10620000FD00FD00FD006B000420AAF80E00DAF886
:10621000080001210170D1E0FDF754F9CEE000BF84
:10622000DAF8084000203104ADF80A00AAF80E00A0
:1062300000F0AE8035F8021B01F00700012800F2E3
:10624000A7804BF6F022C0F6100252F820C00FFAD9
:1062500089F721F0070001F0380122460DF10A0309
:106260000097E047002840F08C80BDF80A00B8F89D
:106270000010023E01440444A8F800103104A9EBC8
:106280000009D7D19AE000BF0446FFF759FC062861
:1062900004BF2046FFF79AFC90E000BF01297BD89D
:1062A00041F2E060C1F2000050F82140002C73D0B0
:1062B000DAF80870B0B229464A4643460097A0472C
:1062C0005FE000BFDAF8087030B200210128ADF8B5
:1062D0000810AAF80E106FDB00244FF0000B00BF6F
:1062E000298801F00700012852D84BF6F822C0F6A1
:1062F0001002AB1C52F820C0023E35B221F007005C
:1063000001F0380101931A4602AB0095E047BDF851
:1063100008102306A6EB010216B208BF002E45D0D6
:106320005FEA09425AD03870B8F80020002802F11C
:10633000010218BF4FF0010B0728A8F8002036D043
:106340000A2834D00198A9F1010945180137002E17
:1063500004F10104C4DC2AE00446FFF7F1FBF8B1C4
:106360002046FFF719FC29E0FFF780FB26E000BF7D
:10637000DAF80870B0B229464A464346009700F062
:1063800065F883461CE000BFFFF70EFB16E000BF78
:106390004FF0010B14E000BF4FF00D0B10E000BFF9
:1063A0002046FFF7E5FB80F0010B09E083465FEA3A
:1063B0000B604FF0000103D1A8F800104FF0000B64
:1063C000DAF80800BAF80E1000F801B0BAF80E00BA
:1063D0000130AAF80E0003B0BDE8F08F4FF0080BB3
:1063E000EEE7000070470000FBF708B841F63020E8
:1063F000C1F200000068FFF739BB000041F6302011
:10640000C1F200000068FFF757BB000041F63020E2
:10641000C1F200000068FFF749BB000041F63020E0
:10642000C1F200000068FFF785BB000041F6302094
:10643000C1F200000068FFF781BB000041F6302088
:10644000C1F200000068FFF77BBB0000022070472C
:106450000A4641F63021C1F20001096803460846A8
:106460001946FFF7F3BA0000B0B540F27855C1F213
:1064700000052878002808BFB0BD688880B10138C1
:106480006880A88810B1A8880138A880E88810B171
:10649000E8880138E880BDE8B04003F0EBBD00BFFC
:1064A00003F03AFCFFF7A0FF40F27404C1F20004CD
:1064B000206804F10C0182689047606080B1214639
:1064C00051F8080B0A220368984748B12046FFF7A5
:1064D00043FE2068A168D0F804C0E2890A23E0479F
:1064E00001206880A8880028CDD1CFE741F6302070
:1064F000C1F200000068FFF73BBB000041F630200E
:10650000C1F200000068FFF747BB0000002808BF89
:10651000704710B540F27854C1F200040021217098
:1065200040F28401C1F200010160FBF74FFA40F232
:106530007440C1F20000FAF70DFE40F20810C1F2FB
:10654000000000F0A9F840F23C40C1F2000004F065
:10655000E9FD40F22C40C1F2000001F0BFFA40F228
:106560002C00C1F2000002F00BFE40F2F030C1F24C
:10657000000001F0B3FA40F20040C1F2000000F068
:1065800067F8FFF72FFF05F057FA01202070BDE8EC
:106590001040704780B5FEF731F944F6D351C1F28F
:1065A0006201A0FB0101C809FEF73AFA40F20400BB
:1065B000C1F2000001684FF0FF300022FCF746FFF7
:1065C00041F63020C1F20000FFF7A0FFBDE8804097
:1065D00005F0A2B9FEE70000FEE7000002460078E1
:1065E00010B10020108170474FF6FF708142508833
:1065F0001EBF091A00EB11205080B2F90E305189EC
:1066000080B2012B06DB884206D891898842E8D304
:1066100009E000BF884203D208201081704700BF04
:1066200091898842DDD8108910817047017819B1AD
:10663000C08800B2704700BF41880269891AB0F96A
:106640000E20808A514300EB114000B270470000D9
:10665000017829B18188002202814180704700BF02
:10666000B0F90E200021012AB8BF4FF0FF31418060
:1066700070470000B0F9220070470000C08C7047DE
:10668000B0F9060070470000C08B7047B0F90400F5
:1066900070470000808B7047018C026841840021A4
:1066A000C0E9012181627047816070474184704771
:1066B0000122C18402FA01F181847047C1807047D0
:1066C000B0B5054601208840688347F6FF700C4648
:1066D000E98300FA01F1284600F016F848F20100BB
:1066E000CFF6FF7000FA04F12846BDE8B04000F094
:1066F00009B80000818070470122818302FA01F10C
:106700000183704701617047C160704770B50246F0
:10671000B0F90430B0F90600B2F914C0B2F916505D
:1067200001FB03FEC0B1D2E9024301FB00F601FB0D
:10673000004134400120C8F20000B4F1FF3FC8BF5F
:106740000846002948BF0846984206DC136998426B
:10675000C8BF034601E000BF0023908BD18B4EFAE7
:1067600000F043FA01F63418A44505DA1FFA8CF557
:10677000ACEB040006E000BF281BD8BF0020AC42F1
:10678000C8BF25468840C11828B2916070BD00007E
:10679000816800238A68D1F8121021FB0231CA17E0
:1067A000B0F9003001EB1241C3EB214101EB117153
:1067B00003EB11110180704710B52DED028B0446DB
:1067C000B0F9000000EE100AE068B8EEC08A04F0EC
:1067D000EFFB00EE100AB8EE400A94ED011A28EE25
:1067E000000A21EE000ABDEC028B10BD10B5012994
:1067F00008D079B9044600F023F9E16820468847BB
:106800000AE000BFB0F8601031B101390A04A0F805
:10681000601003D0002010BD012010BDC168EEE75C
:1068200010B5044600F00CF9012104F1780084F859
:10683000821010BD014690F8810001284FF0000041
:1068400004BF81F88100022091F88020012A02BF54
:106850004030002281F8802091F88220012A02BF76
:1068600000F58060002281F8822070474B6C024660
:1068700043F480604864012102F1780082F88110BD
:1068800082F883107047000070B5B0F84E20B0F861
:1068900070400BB20914534361430022A2EB41063E
:1068A00086EA030506EA0302F11702EB6505F21A10
:1068B00061EBE3715FEA51014FEA3201B5F1FF3F4D
:1068C0004FEA940C14DD00292CD4012280F87A20A0
:1068D0006A1AD31702EB93320CEBA24E90F8862083
:1068E0000EEB514C012AAEEB554333D1022115E09A
:1068F000B1F1FF3F34DD002E48DD022180F87A102F
:10690000711BACEB914E694290F886200EEB51431F
:10691000012A03EB564C63D14FF40031816501220B
:1069200075E000BF002E45DD002280F87A20721A43
:106930000CEB924E494290F87D20AEEB514CACEB03
:1069400056431AB990F88610012973D10221C0F27A
:10695000010141E0A0F858C0A0F85AE01A4656E0FC
:10696000042280F87A206A1AD31702EB93320CEBD8
:10697000A24E4942AEEB514C90F886106A42012972
:106980000EEB524332D1012111E000BF032280F807
:106990007A208A1BACEB924E0EEB514C90F886108D
:1069A000724201290CEB524326D14FF480318165AC
:1069B00002222CE0052180F87A10A91B0CEB914EE5
:1069C00090F88610AEEB554372420129A3EB524C6E
:1069D00018D10121C0F202018165002217E000BF39
:1069E000A0F858C0A0F85A30724610E0A0F858300D
:1069F000A0F85AE00AE000BFA0F85830A0F85AC04A
:106A0000724604E0A0F858E0A0F85A3062462EEA38
:106A1000EE71A0F850102CEAEC71A0F85C20A0F800
:106A2000521023EAE3714269A0F85410BDE87040A7
:106A3000104700BFA0F858E0A0F85AC08EE7000049
:106A400041680847816808477047000082684FF630
:106A5000C071C5F6FF710A4082608268D2002DD4F1
:106A600081B0826801F18051114041F08051816014
:106A700040F20801C1F20001096842F66352890937
:106A8000C0F23E52A1FB0212910900910099A1B1FE
:106A9000009901390091009979B10099013900916B
:106AA000009951B1009901390091009929B10099DB
:106AB0000139009100990029EAD101B081684FF6AF
:106AC000C072C3F6FE72114041F0004141F48031C2
:106AD000816000BF8168B1F1FF3F0ADC8168B1F1DC
:106AE000FF3F06DC8168B1F1FF3F02DC81680029CD
:106AF000F0D40168C9074FF6C071C7F6FF711FD106
:106B000082680A4042F0010282600268D20717D10F
:106B100082680A4042F0010282600268D2070FD107
:106B200082680A4042F0010282600268D20707D1FF
:106B300082680A4042F0010282600268D207DFD018
:106B400082680A4042F00802826082680A4042F08D
:106B5000200282608268920609D58268920644BF4C
:106B600082685FEA826202D582689206F2D4C26CC1
:106B7000012363F3C812C2648268114041F0080126
:106B80008160C1684FF6FF72C7F6DF72114001F5F0
:106B90000011C16070470000B0B50446D0F89C00F9
:106BA00040F2555105680020C4E92200C4F8900065
:106BB00084F89A00286A8843286246F6FD50C0F699
:106BC000100072B6206047F24950C0F610006061B4
:106BD0008020A4F89800042084F89B0084F87A00B0
:106BE00062B6204600F030FD94F89A000F280BD8CA
:106BF00094F89A000F2807D894F89A000F2803D821
:106C000094F89A001028EFD3204600F0F7FC0020FB
:106C100046F6496184F89A00C0F6100172B6216008
:106C200084F89B0084F87A0062B6204600F00CFDE0
:106C300094F89A000F280BD894F89A000F2807D8D8
:106C400094F89A000F2803D894F89A001028EFD3EC
:106C5000204600F0D3FC04F1880207CA04F188033F
:106C600000090909120907C346F6D540C0F610000D
:106C700072B6206047F28150C0F61000606162B6C3
:106C8000A86940F2555120F00800A861A86920F4D5
:106C90000060A861E86920F00800E861B4F8940099
:106CA00040086863A863E863A86940F00800A86129
:106CB000A86940F40060A861E86940F00800E86154
:106CC000286A08432862042084F87A00002084F8A7
:106CD0008300B0BD10B5D0F89C2090F87A30D2F87F
:106CE00000E002EB8302D2F850C0946EDCF8802002
:106CF000D4F880C0DEF80440052B24F07004CEF8F0
:106D0000044067D8012404FA03F313F0060F1FD1DF
:106D100013F0180F36D0D0E9223448F2010E9B1A36
:106D200047F6FF729342CFF6FF7EB8BF1A46724510
:106D3000A4EB0C03D8BF724613F5004F0A803CDD6C
:106D4000B3F5004FA8BF47F6FF734B804DE000BF7F
:106D5000D0F88830D0F890409A1A47F6FF7348F27E
:106D6000010E9A42A8BF1A46CFF6FF7E7245D8BFE1
:106D700072461444ACEB040CBCF5004F0A8019DBDE
:106D80004B8032E0D0E9233448F2010E9B1A47F6DB
:106D9000FF729342A8BF1346CFF6FF7E7345D8BF5C
:106DA00073461C44ACEB040CBCF5004F4B8009DB74
:106DB0000A801AE01CF5004F10DC48F20103A1F82C
:106DC00002E012E01CF5004F0CDC48F20102A1F8D1
:106DD00000E00AE00A884B8807E000BF6346A1F89C
:106DE00002C002E0A1F800C06246D1184942A0F8F2
:106DF0006220A0F86430A0F8661010BD80B5D0F80D
:106E00009C2090F89BC0136802EB8C02D2F850C013
:106E1000926EDCF880E0D2F880C05A6822F07002EE
:106E20005A6090F89A200F2A0AD8D0E92223724497
:106E30006344C0E9222390F89A20013280F89A2016
:106E40000020086080BD0000D0F89C2090F89B30A6
:106E500002EB83039B6E1268D3F880C0536823F063
:106E60007003536090F89A200F2A09D8D0F8902028
:106E70006244C0F8902090F89A20013280F89A205D
:106E800000200860704700002DE9F04F81B0D0F875
:106E90009C208046106DD2E90061D2E902BAD2E9A5
:106EA000049E956E43684FF0020C23F00403436088
:106EB00004230360446824F0200444602024046018
:106EC0006F6827F004076F602B606B6847F200471C
:106ED00023F020036B602C6041F24C04C4F20007E5
:106EE000C5F6004407F50C4327689E4208BF4FF0E3
:106EF000010C47EA0C03236049B10B6889691F68DC
:106F000047F001071F600B6843F001030B60BBF102
:106F1000000F33D092F88510012923D0DBF8001040
:106F20000623C0F207031940B1F5802F1AD147F2AA
:106F30000044C4F20004B2F88010E3684FF6F07722
:106F4000BB431943E160616841F001016160216860
:106F5000C90707D147F20043C4F20003196841F0A2
:106F600001011960DBF8001041F00101CBF80010BD
:106F7000DBF8001041F00041CBF80010BAF1000F2F
:106F80000BD0DAF8001041F00101CAF80010DAF86D
:106F9000001041F00041CAF80010B9F1000F0BD009
:106FA000D9F8001041F00101C9F80010D9F800101B
:106FB00041F00041C9F80010BEF1000F33D092F843
:106FC0008810012923D0DEF800100623C0F2070341
:106FD0001940B1F5802F1AD147F20047C4F20007DB
:106FE000B2F88210FA684FF6F0739A431143F960D1
:106FF000796841F0010179603968C90707D147F222
:107000000042C4F20002116841F001011160DEF893
:10701000001041F00101CEF80010DEF8001041F040
:107020000041CEF800108168C90708BFFFF70EFDC8
:10703000A868C00702D12846FFF708FD3068022182
:1070400020F001003060706861F306107060B06974
:1070500040F00800B061B06940F40060B061F069D0
:1070600040F00800F061F06940F40060F061706980
:1070700040F001007061D8F89C0090F88910022956
:1070800004D190F88A10012903D00EE098F8781006
:1070900079B990F88400032807D101203063706922
:1070A00040F00100706103203063B8F894000138AB
:1070B0007062706840F0700070606FF08000306146
:1070C0003069C00516D4F06840F2555140F0800098
:1070D000F060306A084330626FF001003061F068A0
:1070E00040F00100F0608020A8F8980001B0BDE8F1
:1070F000F08F00BF4FF61C40CFF6FF706FF4807129
:1071000031613269D20542BF316132695FEAC252F0
:10711000D9D531613269D20542BF316132695FEA46
:10712000C252D0D5002800F10400E9D1CBE700001D
:1071300090F87E10012918BF704780B5D0F89C10D8
:107140004FF68C7C0968CFF6FE7C8A6948F6FF4EC4
:1071500002EA0C0260328A610A6ACFF6FF6E42F0E0
:1071600001020A6290F87B20022A27D0012A4BD123
:107170000A6A42F004020A62B0F8942052084A6394
:107180008B6903EA0E0343F4C0438B610B6A43F03F
:1071900010030B620B6A43F040030B628A63CB69F6
:1071A00003EA0C0343F06003CB610B6A43F4807382
:1071B0000B620B6A43F480633EE000BF0A6A22F070
:1071C00004020A62B0F8942052084A638B6903EA09
:1071D0000E0343F4C0438B610B6A43F010030B6250
:1071E0000B6A23F040030B628A63CB6903EA0C034A
:1071F00043F06003CB610B6A43F480730B620B6A4C
:1072000023F4806318E000BFB0F8942052084A636A
:107210008B6903EA0E0343F4C0438B610B6A43F0AE
:1072200010030B628A63CB6903EA0C0343F060032B
:10723000CB610B6A43F480730B62CA6347F29172AD
:10724000C0F6100272B646F6D541026147F24962B5
:1072500047F2FD53C0F61001C0F61002C0F610034D
:10726000C0E90013826062B6002180F87E10BDE89C
:107270008040704790F87E1000294CD1D0F89C10C7
:107280004FF68C7C0968CFF6FE7C8B6903EA0C0311
:1072900060338B610B6A43F001030B620B6A23F0CE
:1072A00004030B6200234B6390F87B30022B13D056
:1072B000012B22D18B6948F6FF42CFF6FF621A40BC
:1072C00002F580528A610A6A22F010020A620A6A92
:1072D00042F0400310E000BF8A6948F6FF43CFF652
:1072E000FF631A4002F500528A610A6A42F01002F6
:1072F0000A620A6A22F040030B62CA6902EA0C02BF
:1073000042F07002CA610A6A22F480720A620A6A52
:1073100022F480620A6247F25942C0F6100272B645
:1073200047F28531026147F2C93247F2FD53C0F698
:107330001001C0F61002C0F61003C0E9001382600D
:1073400062B6012180F87E1070470000D0F89C20C2
:10735000B0F8943012685943090CA0F850105163EA
:10736000032180F87A105168B0F8562011F07001AE
:1073700018BF0121012A02BF0021A0F856100121E7
:1073800008467047D0F89CC0DCF800305A6822F0FC
:1073900070025A6090F87A20D0F88C000CEB8202D0
:1073A000926ED2F88020801A47F6FF729042B8BFE2
:1073B000024648F20100CFF6FF708242D8BF024673
:1073C0000A804A8070470000D0F89C104FF0010CF2
:1073D0000A68916921F008019161D16921F4006185
:1073E000D161C2F834C0B0F89430053B136493699E
:1073F00043F008039361D36943F40063D361536C92
:1074000043F480635364536C43F40043536490F833
:107410007B30022B1DD180B5116AD0F83CE0B0F86A
:10742000483040F25552114204D0CEF81830B0F82E
:107430004A2005E01904CEF81810B0F84A100A04E2
:10744000D0E910138A61B0F84C1009049961BDE8C5
:10745000804080F884C07047D0F89C1009688A6921
:1074600022F008028A6100224A638A6942F0080217
:107470008A614A6C42F400424A6490F87B10022907
:1074800018BF704700F13C0CB0F848109CE80C1095
:107490009161B0F84A1009049961B0F84C000004F9
:1074A000CCF818007047000080B5D0F89C1009682F
:1074B0008A6922F008028A618A6922F400628A617C
:1074C000CA6922F00802CA61CA6922F40062CA616C
:1074D00000224A638A63CA63B0F89420053A0A64BA
:1074E0008A6942F008028A618A6942F400628A610C
:1074F000CA6942F00802CA61CA6942F40062CA61FC
:107500004A6C42F480624A644A6C42F400424A6423
:1075100090F87B20022A0ED100F13C0EB0F84820F2
:107520009EE808509A61B0F84A20CCF81820B0F8CC
:107530004C20CEF81820032280F87A20086A40F404
:107540008050086280BD000090F89B10D0F89C200D
:1075500080F87A101168B0F85020B0F894304A637F
:10756000B0F852208A63B0F854005A1EC86390B233
:107570000864486810F0700018BF012070470000D0
:1075800010B5B0F894E0B0F85830D0F89CC0AEEB2D
:107590000302BCF8481092B28A4205D9042180F84F
:1075A0007A10AEF1010316E0B0F85A401C1BA4B2E9
:1075B000B4EB420F04D9BCF84A105B1A0BE000BFD1
:1075C0000B4499B2714506D34FF48071A0F898101E
:1075D000D94301EB4E03DCF80010B0F850204A63A9
:1075E000B0F852208A63B0F85400C86398B20864B7
:1075F000486810F0700018BF012010BDD0F89C1032
:107600000022096880F8842080F87C204A6C22F4EB
:1076100000424A6490F88310A9B990F87B100229BF
:1076200018BF7047B0F8481000F13C0C9CE80C10F3
:1076300009049161B0F84A1009049961B0F84C004E
:107640000004CCF818007047D0F89C10002209689C
:1076500080F87C208A6922F008028A618A6922F413
:1076600000628A61CA6922F00802CA61CA6922F40A
:107670000062CA61B0F894205308053A4B638B63EB
:10768000CB630A648A6942F008028A618A6942F41B
:1076900000628A61CA6942F00802CA61CA6942F49A
:1076A0000062CA614A6C42F480624A644A6C42F4E5
:1076B00000424A6490F87B20022A1ED10B6AD0F85F
:1076C0003CC0B0F8482040F255510B4208D0CCF8ED
:1076D0001820016CB0F84A208A61B0F84C100AE01A
:1076E0001104CCF81810B0F84A10026C090491612A
:1076F000B0F84C100904426C9161012180F88410AB
:1077000070470000F0B5D0F89C200146D2E900C0D7
:1077100002F1500E00B3DEF8003000BFDC6C34B173
:10772000DC6C24B1DC6C14B1DC6C002CF6D191F86B
:107730007A3000EB830450F82300A569266B0768B4
:1077400027F00C073E430660A06C2C6824F00C0464
:107750002043286002E000BF91F87A3002EB8302F8
:10776000B1F8980094695EF8233044EA0007956EFA
:10777000DF64126B1043E864DCF80400802240F000
:107780007000CCF8040001F17800A1F89820F0BD59
:10779000D0F89C200123126880F87C30936923F094
:1077A00008039361936923F400639361D36923F021
:1077B0000803D36151639163D163916941F008017A
:1077C0009161916941F400619161D16941F00801D1
:1077D000D161516C41F40041516490F87B10022951
:1077E00018BF704700F13C0CB0F848109CE80C1032
:1077F0009161B0F84A109961B0F84C00CCF81800CB
:1078000070470000F0B581B044F22C47C5F602077E
:1078100057F8042C0C4602F00301032902D1012081
:1078200001B0F0BD054657F82C0C20F0806047F8F9
:107830002C0CFBF74FFD064657F82C0C000105D524
:10784000FBF748FD801B0228F6D95EE057F8040CD0
:1078500095E84E0020F47C3040EA01304FF47E4140
:1078600047F8040C501E01EB43216FF35F2089B2EF
:1078700008444FF4FE0101EB064101F4FE01084407
:1078800029694FF0FE4202EB016101F0FE4108441C
:10789000F8603868696920F0C000084338603868CB
:1078A000A96920F020000843386038684FF6F87165
:1078B00020F0100038603869EA69884340EAC20065
:1078C000386138684FF4001140F0100038603868B3
:1078D000012C08BF4FF48011002C08BF4FF4002189
:1078E0000843386057F82C0C40F0806047F82C0CA7
:1078F000FBF7F0FC044600BF57F82C0C000107D43E
:10790000FBF7E8FC001B0328F6D3032001B0F0BD11
:10791000002001B0F0BD0000F0B581B044F22C476A
:10792000C5F6020757F8042C0C4602F003010329A0
:1079300002D1012001B0F0BD054657F82C0C20F013
:10794000805047F82C0CFBF7C5FC064657F82C0C6A
:10795000800005D5FBF7BEFC801B0228F6D95EE04F
:1079600057F8040C95E84E0020F07C7040EA015076
:107970004FF47E4147F8040C501E01EB43216FF396
:107980005F2089B208444FF4FE0101EB064101F487
:10799000FE01084429694FF0FE4202EB016101F04B
:1079A000FE41084478613868696920F44060084302
:1079B00038603868A96920F4007008433860386876
:1079C0004FF6F87120F480703860B869EA6988432E
:1079D00040EAC200B86138684FF0807140F48070AE
:1079E00038603868012C08BF4FF40001002C08BF34
:1079F0004FF480010843386057F82C0C40F0805059
:107A000047F82C0CFBF766FC044600BF57F82C0C1B
:107A1000800007D4FBF75EFC001B0328F6D303208D
:107A200001B0F0BD002001B0F0BD000040F2805078
:107A3000C1F200000178002908BF70474178012297
:107A400000EB81004068037A006803EB43014FEAD2
:107A5000836C9A40092B4FEA015305D842EA03018F
:107A600041EA0C0105E000BFA3F1F07141EA0C010D
:107A70001143026B890E61F38A120263016C0421C7
:107A8000016081684FF6C072C7F6FF721140043181
:107A90008160704740F2805CC1F2000C9CF80010DD
:107AA000002908BF704780B59CF801200CEB8200CC
:107AB000D0F804E0DEF8000003685B0704D5006C32
:107AC00020F00F00AEF80A00481E801A18BF501CA4
:107AD0008CF80100BDE880407047000080B540F29E
:107AE0008052C1F2000292F800E0BEF1030F61D8AB
:107AF00002EB8E0358600EF101031370026880F8E8
:107B00000CE09368DB0726D1D2F808C04FF6C073AB
:107B1000C3F6FE7303EA0C0343F0004343F48033DF
:107B2000936000BF9368B3F1FF3F0ADC9368B3F141
:107B3000FF3F06DC9368B3F1FF3F02DC9368002B44
:107B4000F0D4D2F808C04FF6C073C7F6FF7303EA4B
:107B50000C0301339360136B012123F00F031363B4
:107B6000037A092B08D8994041EA836103EB430368
:107B700041EA03530DE000BF01FA03FC002103EBCF
:107B80004303CFF6206101EB035141EA0C0141F0C0
:107B90000073C3F3406102EB8101D0F804C04A696D
:107BA000C3F304530720984022EA00000CFA03F2C2
:107BB000104348610020BEF1040F38BF012080BD92
:107BC0000146D0E90220022804D30B6901381A4487
:107BD00006E000BF012804D148684A6942430020FA
:107BE000C86048698A6092FBF0F070472DE9F04761
:107BF0000E46044652B3A0686169174690FBF1F93E
:107C0000A6EB0908404603F0FFFA8246484603F017
:107C1000FBFA0546304603F0F7FA216844F6D352E2
:107C20007943C1F26202A1FB0212AA4538BF554650
:107C30000121854228BF054601EB921105FB08F2A0
:107C400092FBF1F205FB09F0666006E0304603F0B6
:107C5000DBFA054670430021002204F1080307C344
:107C600001206561BDE8F08700210122C0E9011112
:107C7000C0E9031142617047C068B0FA80F0400962
:107C80007047000008394FEAF101042900F27E80B4
:107C900070B5DDF810E0DFE801F0036113190900A9
:107CA000BEF1010F6CDB0120B7E000BF282871D1C5
:107CB0000A20BEF10C0F108080F0B6800820BFE0D3
:107CC000BEF1040F5CDB0420A7E000BF602869D090
:107CD000202840F0A18001204BF62C4C1880C0F6E3
:107CE000100C9CF80000002800F0BB80012400214B
:107CF0001FFA8EFEA4B2744580F0A88050541C88F0
:107D00000CEB0100661C1E8045785418002D00F015
:107D1000A380B6B2764580F0998065701D886E1C90
:107D20001E808578002D00F09980B6B2764580F0EF
:107D30008D80A5701D886E1C1E80C578002D00F0FA
:107D40008F80B6B2764580F08180E5701C88043162
:107D500001341C8000790028CCD15BE0BEF1020F19
:107D60000EDBA0F565604FF6BF7108404FF00201D1
:107D700018BF05201980BDE87040C0B2704700BF31
:107D80000820BDE87040C0B2704700BF0720C0B2F5
:107D9000704700BF1088811C05201980BDE8704025
:107DA000C0B2704701204BF60C4C1880C0F6100C86
:107DB0009CF80000002854D0012400211FFA8EFEF8
:107DC000A4B2744542D250541C880CEB0100661CCE
:107DD0001E8045785418002D3ED0B6B2764535D277
:107DE00065701D886E1C1E808578BDB3B6B2764561
:107DF0002CD2A5701D886E1C1E80C57885B3B6B2C6
:107E0000764523D2E5701C88043101341C8000794A
:107E10000028D5D10A4424E0002018800520BDE8C0
:107E20007040C0B2704700BF4BF67C50C0F61000E7
:107E300001890232118141680068516010600020A0
:107E40000C211980BDE87040C0B270470620BDE823
:107E50007040C0B2704700BF621C02E0A21C00E08C
:107E6000E21C00201070BDE87040C0B270470000F6
:107E700008394FEAF101042984BF0720704770B523
:107E800082B0069CDFE801F004B6486A1A0000BF21
:107E9000012CC0F22581C82800F0A081882800F0BC
:107EA0009181482840F0A68140F28400C1F2000090
:107EB0001C461546FDF744FE8CE100BF68384FEACA
:107EC000B0110C294FF0050000F2838202F1020C80
:107ED000DFE811F00E00A80108021C027F02220256
:107EE0009601B2017F027F027F027F02F40100BF90
:107EF0003C203E2C1080C0F00D8240F2AC00C1F25C
:107F000000000168604614463C221D46F8F73CFB21
:107F100022462B465CE200BF042CC0F2E180014601
:107F2000D7284FF0050000F32F811C46182900F0D8
:107F30000B82582900F018829829234640F02182AC
:107F400040F28400C1F200001546FDF7F3FD00EB9E
:107F500040004000234628601FE200BFE02800F0F8
:107F6000C380A02840F00A8140F2E410C1F2000072
:107F7000D0F800C0012018809CF80000002800F014
:107F80003A82012500211FFA84FEACB2744580F0CC
:107F9000158150541C880CEB0100661C1E8045782E
:107FA0005418002D00F0FE81B6B2764580F00681AF
:107FB00065701D886E1C1E808578002D00F00E8275
:107FC000B6B2764580F0FA80A5701D886E1C1E80C2
:107FD000C578002D00F00882B6B2764580F0EE80BC
:107FE000E5701C880431651C1D8000790028CCD107
:107FF000BEE000BF022CC0F2738090384FEAB0118F
:10800000622900F20F820020DFE811F06400F6021E
:10801000D0020C029A02FC021C030C02B602A0025F
:108020000203500240020C020C022603BC020C02A6
:108030000C020C02C60208030C020C020C020C0219
:108040000C020C020C02EC0244037A023A031802FE
:1080500070022C02A602220258034E0360020C0298
:108060000C028402D60290026C03360212030C0248
:108070000C020C020C020C020C02830383030C02A0
:108080000C020C020C020C020C020C020C020C0280
:108090000C020C020C020C020C020C020C020C0270
:1080A0000C020C020C020C020C0262030602E60235
:1080B0000002FA016A02B002300378030C020C02DB
:1080C0000C020C020C020C020C020C020C0212023A
:1080D000E00200BF40F20810C1F2000057E200BF0A
:1080E000082002B070BD00BF40F2AC00C1F2000039
:1080F000D0F800C0012018809CF82400002800F06F
:108100007A81012500211FFA84FEACB2744555D254
:1081100050541C880CEB0100661C1E8090F8255002
:108120005418002D00F03E81B6B2764546D26570F7
:108130001D886E1C1E8090F82650002D00F04E8188
:10814000B6B276453AD2A5701D886E1C1E8090F896
:108150002750002D00F04E81B6B276452ED2E57044
:108160001C880431651C1D8090F828000028CCD1A3
:108170000A440020107002B070BD00BF00201880BB
:10818000052002B070BD00BFD82900F0E580B1F530
:108190008C7F00F0FB8041F65836B14240F0F18010
:1081A00040F2E840C1F2000000681C461546FEF7A8
:1081B00003FB234685ED000AEFE000BF062002B076
:1081C00070BD00BF40F28400C1F200001C4615469D
:1081D000FDF770FC2A46234606E000BF40F200206F
:1081E000C1F2000090F848001070002001211980B1
:1081F00002B070BD05200121198002B070BD00BF22
:1082000040F284040420C1F20004108020461D4680
:108210001646FDF78BFC70802046FDF781FC324648
:108220002B465DE01020122C108073D340F2280002
:10823000C1F200000068BFE028202A2C108069D31A
:1082400040F20020C1F20000B0F90E60018A858979
:1082500006EB46067600D1801581C2F80260B0F9BF
:108260001A60818B058B06EB46067600D18115825C
:10827000C2F80A60B0F92660018D858C06EB4606CF
:108280007600D1821583C2F81260B0F93260818E17
:10829000058E06EB46067600D1831584C2F81A6077
:1082A000B0F93E60B0F84010808F06EB46067600CD
:1082B000C2F82260D18410858AE000BF40F28404B5
:1082C0000420C1F20004108020461D461646FDF72A
:1082D00023FC70802046FDF71FFC32462B46000C25
:1082E000B08075E00E20102C108013D340F24400B3
:1082F000C1F2000000688189ACF80C100168866842
:108300004068CCF80860CCF804005FE00C200E2C2C
:1083100010804DD208205CE040F28404C1F20004D9
:1083200020461D461646FDF7FDFB00EB40004000D1
:10833000C6F802002046FDF7F3FBF0800620324627
:108340002B46308044E000BF40F28400C1F20000C0
:108350001546FDF7B3FB11E040F28C20C1F200009E
:10836000D0F8000118E000BF40F28400C1F2000024
:108370001546FDF79BFB00EB400040002860002005
:1083800023460421198002B070BD00BF40F28C204A
:10839000C1F20000D0F8FC00106000200421198018
:1083A00002B070BD621C0020107002B070BD00BF32
:1083B00040F2F840C1F2000001684668C568806874
:1083C000CCF80C50CCF80800CCF80460CCF80010C5
:1083D000002011880231198002B070BDA21C00205B
:1083E000107002B070BD00BFE21C0020107002B01F
:1083F00070BD00BFE21C0020107002B070BD00BF55
:1084000040F2B000C1F2000034E100BF40F2B00021
:10841000C1F2000060E100BF40F20810C1F20000AC
:1084200028E100BF05200221198002B070BD00BF05
:1084300040F28C20C1F2000034301BE140F2840095
:10844000C1F200001C461546FDF762FB5EE100BF6D
:1084500040F28400C1F200001C461546FDF77AFB8D
:1084600054E100BF40F28400C1F200001C461546F2
:10847000FDF752FB4AE100BF40F28C20C1F2000040
:108480001C46154601F0FAF940E100BF40F28C208D
:10849000EC46C1F200000DF10201154662461C4691
:1084A00001F0F8F9BDF8000030E100BF40F28C2087
:1084B0000DF1040CC1F200000DF1060115466246F3
:1084C0001C4601F0E7F9BDF806001FE140F2840008
:1084D000C1F200001C461546FDF738FB0AE100BF5B
:1084E00040F2B000C1F200000CE100BF40F2840095
:1084F000C1F200001C461546FDF70AFBFAE000BF7A
:1085000040F28400C1F200001C461546FDF7E0FA77
:10851000FCE000BF40F28C20C1F200008088108097
:1085200000200221198002B070BD00BF40F28C20F3
:10853000C1F200001C46154601F0A2F9E6E000BFBA
:1085400040F2DC00C1F2000021E000BF40F2B000C8
:10855000C1F2000085E000BF40F28400C1F20000DB
:108560001C461546FDF7D8FAC4E000BF40F2DC0017
:10857000C1F20000B0E000BF40F2B000C1F2000064
:1085800005E000BF40F28C20C1F2000034301C46F0
:108590001546FEF77BF8B9E040F22C00C1F200006E
:1085A0001C46154602F004FDB0E000BF40F2081082
:1085B000C1F200004AE000BF40F28C20C1F200008E
:1085C0001C46154600F0E6FDA0E000BF40F28C20FE
:1085D000C1F2000034307FE040F20810C1F2000028
:1085E00090E000BF40F28400C1F200001C46154636
:1085F000FDF76AFA8AE000BF40F20810C1F20000FD
:108600002FE000BF40F2DC00C1F2000029E000BF13
:1086100040F2B000C1F2000018E000BF40F200409C
:10862000C1F200001C461546FEF700F86EE000BFE0
:1086300040F28C20C1F200001C46154601F01EF9E4
:1086400058E000BF40F2DC00C1F200001C461546B5
:10865000FEF710F85AE000BF40F28C20C1F2000093
:1086600034301C461546FEF70BF84FE040F2DC00B4
:10867000C1F200001C461546FEF706F846E000BFB2
:1086800040F28400C1F200001C461546FDF720FAB6
:1086900030E000BF40F28400C1F200001C461546E5
:1086A000FDF712FA26E000BF40F28400C1F200009C
:1086B0001C461546FDF74AFA28E000BF40F2840048
:1086C000C1F200001C461546FDF744FA12E000BF57
:1086D00040F20810C1F200001C461546FDF7DAFF13
:1086E00014E000BF40F28C20C1F200001C46154689
:1086F00001F0C6F82346000C09E000BF40F2DC00A0
:10870000C1F200001C461546FDF7B8FF234628803D
:1087100000200221198002B070BD000008394FEA24
:10872000F101042966D880B58646DDF808C0DFE887
:1087300001F00351171F0B0005200121BEF1480F66
:1087400008BF0420198080BD10881FFA8CF2023007
:1087500081B29142188051D9002018800A2080BD32
:108760000520BEF1180F08BF04200421198080BD28
:10877000012018801178002967D01FFA8CFC80B284
:1087800060454FD211701888411C1980507800281C
:108790004ED089B2614545D250701888411C19806D
:1087A000907800284AD089B261453BD290701888F1
:1087B000411C1980D078002846D089B2614531D259
:1087C000D07018880130188012F8041F0029D6D103
:1087D0003BE000BFBEF5656F1ADBBEF5656F4FF07D
:1087E00000001CD0BEF5696F19D041F6583086459F
:1087F00014D019E00020188007207047AEF128003F
:108800004FEAB0110520042938BF042080BD00BF05
:10881000BEF5B26F02D0BEF5BA6F05D104200221B9
:10882000198080BD042080BD05200221198080BDF3
:10883000013200201070042080BD00BF02320020F1
:108840001070042080BD00BF03320020107004208F
:1088500080BD000070B582B008394FEAF1010429EB
:1088600000F28C80069DDFE801F003671F2D0F00EA
:10887000014648284FF0040018BFC82940F0D480B2
:108880000121198002B070BD114631F802CBADB2A2
:108890000CF10204A6B2AE421C8075D900201880EB
:1088A0000A2002B070BD00BF18384FEAB01004288B
:1088B00000F22881022800F0078104200421198099
:1088C00002B070BD012018801178002900F07F816E
:1088D0000126A8B2B6B2864280F07B811170198859
:1088E0004E1C1E805178002900F06C81B6B2864281
:1088F00080F06F81517019884E1C1E80917800297C
:1089000000F06281B6B2864280F06381917019886E
:108910004E1C1E80D178002900F05881B6B28642E4
:1089200080F05781D17019884E1C1E8012F8041FE8
:108930000029CFD14BE100BF1588B0F51D6F29B2DA
:1089400058DAB0F5926F80F28780B0F5247F80F21C
:10895000DF801C46B0F5C87F80F23E81902800F091
:10896000B782D02800F05E82B0F5887F234640F0C1
:108970000D8340F20810C1F200003CE10020188095
:10898000072002B070BD00BF28384FEAB013142B87
:1089900000F244820420DFE813F0150015001500F2
:1089A00015004102410217003502C901410241028E
:1089B00041024102210241024102410241024102BF
:1089C00041022B02DDE700BFD2F802004AF6AB21DC
:1089D000C2F6AA2150FB01F000EBD070D28801B2A0
:1089E00040F28400C1F20000FDF730F8002002B030
:1089F00070BD00BF41F24F42904243DCB0F53D6F85
:108A000080F29E80B0F5296F80F2F880B0F51D6F7E
:108A100000F06C81B0F5216F00F06881B0F5256F32
:108A200000F06481B2E200BF882965D11078032884
:108A300000F06281042840F0738140F28404C1F2A6
:108A4000000420461D46FDF77DF801462046002221
:108A5000FDF704F85DE100BFB0F5056F80F282809C
:108A6000B0F5F26F80F2D280B0F5926F00F03682EE
:108A7000B0F5B26F00F03A81B0F5BA6F00F0368110
:108A800084E200BF41F2CF5290427DDC41F20F52AE
:108A90001C46904200F3C28041F25042904200F0E6
:108AA0002B8241F29042904200F0C48141F2D042C8
:108AB0009042234640F06A8240F2081089B2C1F227
:108AC0000000FDF7F5FD11E2B2F9000042F6AB211E
:108AD0004843010C01EBD07001B240F28400C1F2B6
:108AE000000000221C46FCF7B1FF002023460421B1
:108AF000198002B070BD00BF05200121198002B0AD
:108B000070BD00BF05200421198002B070BD00BFF8
:108B1000B0F5547F80F29A801C46B0F5247F00F0B7
:108B2000F381B0F5347F00F08B81B0F5447F2346AC
:108B300040F02C8240F2B000C1F200005BE000BFC8
:108B4000B0F5496F80F29880B0F53D6F00F0A480D9
:108B5000B0F5416F00F0A080B0F5456F00F09C804B
:108B600014E200BFB0F5116F80F29C80B0F5056F84
:108B700000F0BC80B0F5096F00F0B880B0F50D6F63
:108B800000F0B48002E200BF41F6CF021C469042E2
:108B900000F39C8041F2D052904200F0BB8141F240
:108BA0001062904200F0548141F25062904223469C
:108BB00040F0EC8140F2DC0089B2C1F20000FDF728
:108BC00077FD93E1013202E0023200E0033200203F
:108BD0001070042002B070BD00F0A481B0F5E87FF1
:108BE00000F03C81B0F5047F234640F0CF8140F295
:108BF000DC00C1F20000FDF759FD77E176D0B0F559
:108C0000356F49D0B0F5396F46D0BFE16ED0B0F5C1
:108C1000FA6F6BD0B0F5016F68D0B7E141F2105236
:108C2000904200F0878141F25052904200F01E8144
:108C300041F290529042234640F0A88140F2B000A9
:108C400089B2C1F20000FDF733FD4FE10C461E462C
:108C500000F07881B0F5647F00F00E81B0F58A6F86
:108C6000334640F0938140F28C20C1F20000343052
:108C70002146FDF723FD1EE10ED00146B0F5656FDC
:108C80004FF0000009D0B1F5696F18BF052002212F
:108C9000198002B070BD00BF04200221198002B00B
:108CA00070BD00BF22D0B0F5156F00F0F580B0F5B3
:108CB000196F40F06B8140F28404C1F20004204639
:108CC0001E46FCF729FFC0EA0541F1E041F6D0025B
:108CD000904200F04D8141F61012904200F0EE807B
:108CE00041F658318842234640F050810420022149
:108CF000198002B070BD00BF40F28404C1F20004CC
:108D000020461D46FCF716FF014620460022FCF7D0
:108D10009DFE00202B460121198002B070BD00BFCE
:108D200000200121198002B070BD00BF5FEA4C70C5
:108D30007FF4B6ADCCF3C40005283FF6B1AD0028F2
:108D400069D0B2F9021042F6AB2359430E0C06EB80
:108D5000D176D588148940F20021C1F200010128A2
:108D60000D82CE818C8156D0B2F90A60158A734388
:108D70001E0C06EBD373D68902288E834B830D839A
:108D800049D0B2F9126042F6AB235E43350C05EBD5
:108D9000D676D58A148B03280D85CE848C843AD060
:108DA000B2F91A60158C73431E0C06EBD373D68B85
:108DB00004288E864B860D862DD0B2F9220042F60D
:108DC000AB235843030C03EBD070D38C128DA1F866
:108DD0004030C8878A87002002B070BD096840F221
:108DE0008400C1F20000FCF7B9FE002002B070BDA3
:108DF00040F24800C1F2000002B0BDE87040FCF74C
:108E0000BBBF00BFB2F90210D28840F28400C1F2A9
:108E10000000FCF723FE002002B070BD052002B068
:108E200070BD00BF40F20810C1F20000FDF746FC23
:108E3000A6E000BF40F2081089B2C1F200009DE038
:108E400040F2B000C1F20000FDF738FC98E000BF2E
:108E500040F2DC0089B2C1F200008FE040F2DC0099
:108E6000C1F20000FDF72AFC8AE000BF40F2B0002A
:108E700089B2C1F2000081E040F28C25C1F2000508
:108E80000DF102016A46284600F004FDBDF902100A
:108E90002846224664E000BF40F28404C1F2000488
:108EA00020461E46FCF738FE4FF6FF7188434119F5
:108EB0002046FCF753FE334619E000BF40F28C20F9
:108EC000C1F20000343089B2FDF716FC58E000BF53
:108ED00040F20810C1F2000028E000BF40F28C20F0
:108EE000C1F2000034301C46FDF704FC234600208C
:108EF0000221198002B070BD40F2081089B2C1F29F
:108F00000000FDF7F9FB3BE040F2B000C1F20000C9
:108F10000CE000BF40F2DC0089B2C1F20000FDF7B6
:108F2000EBFB2DE040F2DC00C1F20000FDF7E2FBBC
:108F300026E000BF40F2B00089B2C1F20000FDF7A8
:108F4000DBFB1DE040F28C25C1F200050DF10601AE
:108F500001AA284600F09EFCBDF9042028462146BF
:108F600000F06CFD002033460221198002B070BD74
:108F700040F28C20C1F20000343089B2FDF7A0FB32
:108F8000002023460221198002B070BD0520022175
:108F9000198002B070BD00002DE9F041D0E91A75CA
:108FA0004FF000080446C18080F8558080F8588052
:108FB000A0F8538028460E4602F0A6F83846042151
:108FC00000F0CAF960886978704302B292FBF1F14F
:108FD0002886E980A88038460021002200F044F964
:108FE000208AA289704301B2384600F03DF9E08939
:108FF000A289704301B2284602F096F8A089218820
:1090000084F85780484344F6D351C1F26201A0FB73
:109010000101012000EB91106169A080A160BDE811
:10902000F0810000818829B101390A0481801CBFC8
:10903000012070478168002904BF0020704710B5E7
:109040008A88C488836E54430A8821B2044618462D
:1090500000F00AF9A168E3884A88E06E53430A8861
:1090600019B202F061F8A168228808888968504323
:1090700044F6D352C1F26202A0FB0202012000EBCF
:109080009212A28094F85820A160511C84F85810C4
:1090900010BD000090F8491090F8582000208A4236
:1090A00028BF012070470000C2664269DDF800C099
:1090B000816600210367C0F874C0A0F854106AB13B
:1090C00092687AB192688AB192680423002A4FF0BC
:1090D000050208BF032308BF042209E00122002380
:1090E00006E000BF0222012302E000BF03220223A8
:1090F00003EB430300EB83035961018880F84820A8
:109100004CF6CD425143C90C80F856107047000010
:109110004FF6FF72914204BF00207047C388B0F839
:109120000CC0CA1A418903EB12236145C3800BD1DD
:109130009AB28A4220D8018A00238A4238BF01238A
:109140009900018108467047028A9BB2934203D27C
:109150000421018108467047827B2AB18B424FF07F
:109160000001EED9817307E0634505D201218173C7
:10917000002101810846704702210181084670479D
:109180004189028A11444908C1807047B0F90C0036
:1091900070470000B0F90C007047000070B50B88F4
:1091A000024619B283EAE133548A0078A3EBE13135
:1091B000938A92F803C025B21FFA83FED38A84EA09
:1091C000E534064689B2A4EBE534158B60453CBF17
:1091D000002601309BB2714588BF0646A4B2994271
:1091E00038BF0646AC4288BF0646F0B2B0EB0C0072
:1091F00018BF0120167070BDB0B504460078042277
:10920000042808BF0822E168A558022904D3E269AE
:109210000139154405E000BF012903D161880D041F
:109220000021E16003280DD16069FFF7AFFFC0EBBB
:109230001541206909B2FDF769FA6560050400B2BD
:10924000A560B0BD280C00B2A560B0BD01780429AE
:1092500006D0032918BF704700690021FDF724BA22
:10926000002181607047000080B590F800E0BEF1F9
:10927000040F0DD1B0F92C304FF0000C99423EDBB9
:10928000438D99423BDC9AB3D0F808C016E000BF8A
:10929000438C994203DCB0F92830994202DA00206D
:1092A00080BD00BF838CD0F804C0994205DAB0F9C4
:1092B00026309942C4BF002080BD9AB1038C418002
:1092C0005A4344F6D353C1F26203A2FB03230122A3
:1092D000A1EB1C4102EB9312090491FBF2F1C26075
:1092E0000AE000BFBEF1030F02D10904416001E0B2
:1092F000090481600021C1604FF0010CC16160462A
:1093000080BD000010B504464069FFF73FFF000430
:10931000606010BDD0F8320070470000B0F9060060
:1093200070470000B0F930007047000080B590F839
:109330002E30B0F830C00370438E4FEA0C4C1B0443
:109340004FF0000EA0F802E0C0E901C3C0E903E15C
:109350004261C0F81CE080BD01700021C16070470F
:1093600041617047006800213430FDF79DB900006D
:1093700010B590F80F3190F80E11D0F808C190F8A0
:10938000F4E0994206D100EB4E0101F1740200F5C0
:1093900086730CE0CA1A02EB0E048C4200F17401D1
:1093A000A8BFAEEB030401EB4E0201EB4403B2F99C
:1093B0000010B3F900206144B0F82031891A41FA55
:1093C00003F2C281C0F8081110BD00002DE9F04F72
:1093D00081B090F80EE183468846BEF1000F4FF051
:1093E000000907D0BEF1040F0EF0030C04D20027D1
:1093F000002016E0002037E00EF0FC0300270020DC
:109400000BEB4706B6F97450B6F97610B6F978202A
:109410002844B6F97A60084410440437BB4230440B
:10942000EED1BCF1000F0BF1740A10D03AF917100D
:10943000BCF1010F08440AD00AEB4707B7F9021044
:10944000BCF1020F08441CBFB7F904100844BEF178
:10945000000F09D090FBFEF0BEF1040F80F0B88041
:1094600000250027D1E000BF4FF0000E0027BBF819
:109470001021BBF81A3000FB00F19BF80240A2FB60
:10948000011283FB0003A0FB0405C909B7FBFEFA28
:1094900041EA42679BF8012003FB045100260023A8
:1094A000BA45B8BF0126F7F735F8DBF81C200023D2
:1094B000F7F730F848F20002CFF6FF72131A4FF0B8
:1094C000FF3373EB01054FF00005B8BF0125002DF8
:1094D0001CBF0B46024647F6FF70111A73F10001DC
:1094E000B8BF4FF00109B9F1000F08BF02469BF861
:1094F0000401A8F800200128ABF80C208BF8F560D7
:109500002CD1002A48BF5242BBF81A0182424FF0C8
:10951000000029D2BBF91410C2EBC23292FBF1F168
:109520009BF81821BBF972304A43D61702EB9662BA
:1095300092114A43D11702EB91619BF81761A0EB9E
:10954000A11101FB0621BBF970605B4316FB0633DA
:109550008B42C8BF01200146184607E001219BF855
:10956000F80050B92CE000BF002200218BF8F91060
:10957000CBE93F029BF8F80010B30020BA45B8BF12
:10958000012008424FF0000010D08BF8F7009BF943
:1095900000000121C0FA51F2584641468BF80020E4
:1095A00001B0BDE8F04FFFF7F9BD00BF9BF8F70031
:1095B0009BF803100130C2B28A428BF8F70045D203
:1095C0005846414601B0BDE8F04FFFF7E7BD00BF88
:1095D0000EF0FC06002500270BEB4501B1F97420C5
:1095E000B1F97630121A02FB0272B1F978401B1AF7
:1095F00003FB0322B1F97A10231A03FB0322091A91
:1096000001FB01270435AE42E6D1BCF1000F3FF467
:109610002EAF3AF91510BCF1010FA1EB000101FBCF
:1096200001773FF424AF0AEB4503B3F90210BCF114
:10963000020FA1EB000101FB01773FF418AFB3F972
:109640000410091A01FB017711E700BF00208BF815
:10965000F7008BF8001001B0BDE8F08F00284FF044
:10966000000218BF002901D110B270472DE9F04F58
:1096700085B0B0F92E20876E48F20105C2EBC233E7
:10968000CFF6FF759F421C4603DC02FB05F4A742A0
:1096900001DC27468466D0F86CE0B0F81E419E4598
:1096A00003DC02FB05F39E4501DC9E46C3664EFAD1
:1096B00004F20492B0F92C20D0F860C0C2EBC2339F
:1096C00047FA04F99C451E46039703DC02FB05F6A6
:1096D000B44501DCB4460666D0F864B09B4503DCB3
:1096E00002FB05F39B4501DC9B464366B0F81C3149
:1096F0008A884CFA03F5AE1A0C89B1F90020B1F949
:10970000027062437C43B0F92470B0F92080DDF828
:1097100010A0019417FB09F418FB05444BFA03F35E
:1097200017FB0AF518FB0358B0F92250C988B0F9A5
:109730002870029415FB06C4591A12FB274C019A93
:1097400015FB01B512FB2757B0F92650039AB0F963
:109750000E4015FB062615FB01E1458EB0F92A20C7
:109760000FFA8AF32B41624302FB0363B4F1FF3F1C
:1097700003930FFA89F343FA05F302FB131B0299D3
:109780004FF0FF35ACEB010690F82411C8BF01255E
:10979000002918BF4DB2B0F90410A0F87090A0F8DD
:1097A00072A004460846A7EB0807FCF79FFA09FBDE
:1097B00005F10AFB05F30025A5EB0343090405B2F7
:1097C000DB1302146B43C9131B14514304F134001F
:1097D000A3EB2141FCF79AFF94F8F41094F80E21C2
:1097E0000131CBB29A1A18BF0A46D1B204EB41013B
:1097F000B1F874302082A4F80C31A1F87400A1886B
:1098000084F8F4200A180398A280C4E91867C4E910
:109810001A0B05B0BDE8F04F10B27047B0B590F824
:109820000E11044600258580C581C0E93F55C0F86A
:109830000851A0F82251C0E918558566C566C0F8E0
:10984000F65021B104F174004900F6F714FF84F8D2
:10985000F45004F134000021A4F80C51BDE8B040EC
:10986000FCF722BF0068012180F822117047000038
:109870000068012180F8231170470000006F7047D5
:10988000B0F81C11D0E91802084142FA01F1C0EA0F
:1098900001407047438C0B80C08C108070470000E3
:1098A0002DE9F041044690F816014EF65E2184F849
:1098B000F600B4F92E00C0F20F0191FBF0F5012380
:1098C0004FF00008290484F80431A4F8328027D02E
:1098D000002201216E1CB6B2032E23D3AEB205EBDB
:1098E000D63636B203EB6606032E1FD32EB2C6F36E
:1098F00041772F443FB203EBA707032F1AD3C6F3D8
:10990000CF3705EB573605EB173736B23FB23D116F
:1099100003EBE6070901032F02F10402DAD20CE09F
:1099200001210BE0490042F0010206E0890042F00B
:10993000020202E0C90042F003026286218610FBA7
:1099400001F048F6C551C0F2486150FB01F0010A30
:1099500001EBD07060852046FFF760FF04F1340012
:10996000FCF79AFEA4F81280BDE8F08190F823215C
:10997000012A04BF82890A8090F82221012A07D196
:109980000121002280F8F81002700846704700BFDD
:10999000B0F90CC0B1F9002002FB0CF3012BBCBFE5
:1099A00000207047B2F1FF3F04DD90F8F510012967
:1099B00007D027E052420A8012B290F8F510012930
:1099C00020D11FFA8CF10BB281EAE331A1EBE33C29
:1099D000B0F814311FFA8CF1994213D990F8131191
:1099E000514301EB11710B110FFA8CF11BB28B4239
:1099F00008DC90F812315A4302EB1272121112B2C3
:109A00008A4205DA002180F8F6100846704700BF48
:109A100090F8F61090F816210131CBB280F8F610CC
:109A200093424FF00001F0D3012280F8F82001703A
:109A300001207047006890F8F50070474184C284A7
:109A4000704700007047000010B540F2EC34C1F2DE
:109A500000042078022804D1F9F754FCFAF7F6FF45
:109A6000002000210130C4F2020120700868800645
:109A700007D52020886040F27440C1F20000F6F75C
:109A80001BFFBDE81040FCF7EFBC00004EF6105085
:109A9000CEF20000816F41F470018167016841F0EE
:109AA000100101607047000010B540F21044C4F28C
:109AB00001042068000607D42068C00510D4BDE862
:109AC0001040FCF7D1BC00BF6FF08000206040F276
:109AD0004410C1F20000FCF7A3FE2068C005EED5DB
:109AE0006FF4807044F8100940F24410C1F2000095
:109AF0002146FCF7BBFEBDE81040FCF7B5BC0000FA
:109B000040F2104140F24410C4F201016FF0010232
:109B1000C1F200000A60FDF7F5BD000010B540F687
:109B2000FF33D0F800E0C4F20003984210DCB0F13B
:109B3000804F1ED040F20043C4F20003984218D078
:109B400040F60003C4F20003984212D016E000BFB2
:109B500040F60043C4F2000398420AD040F20043AA
:109B6000C4F20103984204D00023C4F201039842D6
:109B700004D14B682EF0700243EA020E4FF6FF73D9
:109B8000C4F2000343F6FF7C9842C4F2010C11DDDD
:109B9000604529DD44F20003C4F2010398422ED04F
:109BA00044F60003C4F20103984228D044F2004373
:109BB00021E000BF40F2FF73C4F20003984207DCCB
:109BC000B0F1804F1BD040F20043C4F2000314E018
:109BD00040F60003C4F20003984210D040F6004360
:109BE000C4F2000309E000BF0023C4F2010398425D
:109BF00005D040F20043C4F20103984204D1CB687F
:109C00002EF4407243EA020E0A688C684B69604584
:109C1000C462826212DD44F20002C4F20102904288
:109C200017D044F60002C4F20102904211D044F26F
:109C30000042C4F2010290420BD00CE00022C4F2B8
:109C40000102904205D040F20042C4F2010290426B
:109C500001D10969016302682EF0800142F004021B
:109C60001943026001224261016010BD40F2785048
:109C7000C1F200008088B0FA80F04009704700000F
:109C800080B50020F7F78CFD40F28400C1F200009F
:109C900080210022BDE88040FBF7FEBE80B5002099
:109CA000F7F7B0FD40F2B85040F24802C1F20000B0
:109CB000C1F20002016892F82920013101602AB145
:109CC00040F24800C1F20000FCF7E6F8002080BD39
:109CD00010B5044641F63820C1F2000050F82400C7
:109CE000FDF78CFC2046F7F75BFD40F2F440C1F233
:109CF000000050F82400FFF7A9FA4FF4487000F074
:109D000019FA40F2840104EB8400C1F2000101EB76
:109D1000C0000821417010BDF0B583B040F28C2521
:109D20000020C1F20005ADF80A000DF10A01284635
:109D3000FFF74CFB40F2E840C1F200000068FCF77E
:109D400027FD40F28404C1F200042046FBF7B4FE74
:109D500010B10A200AE000BF40F28404C1F20004FE
:109D60002046FBF7EBFE28B114E000BF607003B0A3
:109D7000F0BD00BF60781328F9D8DFE800F00F0DC0
:109D80000D0D550D330DC30D0B4F0D0D0D0D71A3A5
:109D90000DDB00BF0B20E9E7E9E700BF207800F00A
:109DA000FD000128E3D140F28404C1F20004204602
:109DB000FBF792FE014640F20020C1F20000FFF7DF
:109DC000EBF841F63825C1F20005286890F87F10BD
:109DD000002900F049810121A0F86010FCF706FD80
:109DE000E2E000BF2078052800F0A78040F2840060
:109DF000C1F20000FBF7E0FD0020F7F7B1FC287886
:109E0000E9788842B3D140F28400C1F200002021F9
:109E10000022FBF741FE03B0F0BD00BF207802280E
:109E20007FF4A5AF82E000BF2078052800F0858090
:109E300040F20020C1F20000FFF7F4F8002800F023
:109E4000BD8040F2F440C1F200000068FFF7D4F991
:109E500040F29451C1F200010A8A8881CA81B5E0BA
:109E60002078052869D0FFF701FF00283FF47FAF75
:109E700041F63825C1F200052868FDF7BFFB40F226
:109E8000945140F2F440C1F200010122C1F20000FD
:109E9000006881F8202040F23C41C1F20001FFF748
:109EA0005FFA40F28C20C1F20000FFF7B7FC0020FF
:109EB000F7F776FC286804216170FCF7C3FD03B056
:109EC000F0BD00BF2078052837D041F63825C1F213
:109ED000000528680121FCF789FC00283FF447AF02
:109EE0002078032860D100200025F7F759FC40F2C4
:109EF000F440C1F200000068FFF7A8F9258003B024
:109F0000F0BD00BF00F01CF900283FF430AF40F274
:109F1000F440C1F2000040F23C450068C1F2000587
:109F20002946FFF71DFA284601F0EEF800202080B0
:109F300003B0F0BD2078052804D10020FFF7C8FE4B
:109F400003B0F0BD40F23C45C1F200050DF1060141
:109F5000284601F033F80646284601F039F9002E6C
:109F600008BF00283FF403AF40F20810C1F2000020
:109F70000021FCF799FB40F2F445C1F20005286886
:109F800040F28C21C1F20001FFF7EAF90020F7F757
:109F900099FD0020F7F7E4FB2868FFF7B3F92046A6
:109FA000FBF70AFD0620E1E628680021FDF7F0FB3B
:109FB000142000F0B9F81020D8E600BF40F2840069
:109FC000C1F2000010210022FBF766FD40F23C4088
:109FD000C1F2000002A900F0F1FF40F20020C1F23E
:109FE0000000FFF757F800283FF4C1AE40F28C257F
:109FF000C1F2000502A92846FFF7B8FC40F284042C
:10A00000C1F2000406462046FBF766FD41B2284631
:10A01000AFF3008040F23C40C1F20000314601F055
:10A02000C7F8002E3FF4A3AE40F29456C1F20006EA
:10A03000B5F904107068FBF7E9FD41F63427C1F269
:10A040000007396805460846FDF70EFE3868B6F980
:10A050000C100022FDF7CAFD386829B21922FDF75D
:10A06000C5FD132082E600BF0021FCF7BFFB1120D5
:10A070007CE6000040F27850C1F200000078012830
:10A080000CBF0020704700F001B80000F0B581B0AF
:10A0900041F638270446C1F2000728B13868FCF7BA
:10A0A000C9FB014621E000BF40F2F030C1F20000E0
:10A0B000418940F20040C1F20000FCF78FFA396894
:10A0C00005460846FCF7B6FB40F22C41C1F2000100
:10A0D0004989064640F22C00C1F20000FFF718F84B
:10A0E000284300F00E0040EA060140F2840204EB2F
:10A0F0008400C1F2000202EBC0054FF6FF7081EA56
:10A1000000022846FBF7C8FC2846FBF7D7FC48B1FD
:10A1100057F82400FCF794FC204601B0BDE8F0405D
:10A12000F7F73EBB01B0F0BD40F27851C1F200013B
:10A130008880704740F27851C1F20001C8807047B2
:10A1400040F27850C1F20000C088B0FA80F04009B7
:10A1500070470000816A0A070CD4CA0715D18A0724
:10A160001ED44A0727D4CA0630D48A0639D44A06F0
:10A1700042D457E00268D0F838C0536823F4004353
:10A1800043EA0C035360CA07E9D00268D0F82CC038
:10A19000536823F4003343EA0C0353608A07E0D585
:10A1A0000268D0F830C0536823F4803343EA0C03CC
:10A1B00053604A07D7D50268D0F834C0536823F4F7
:10A1C000802343EA0C035360CA06CED50268D0F858
:10A1D0003CC0936823F4805343EA0C0393608A06DF
:10A1E000C5D50268D0F840C0936823F4005343EA11
:10A1F0000C0393604A0615D5D0F800C0436CDCF818
:10A200000420B3F5801F22F4801242EA0302CCF846
:10A21000042007D1DCF80420836C22F4C0021A4326
:10A22000CCF80420090658BF70470168C06C4A6822
:10A2300022F400221043486070470000B0B582B09D
:10A2400004460020C4F89000F9F744F82168054658
:10A250000A68120737D56FF07E4C20464FF4001184
:10A2600000222B46CDF800C000F0E2FA50B300BF48
:10A27000206850E8000F216820F0800041E80002CB
:10A28000DAB1206850E8000F216820F0800041E832
:10A29000000292B1206850E8000F216820F0800091
:10A2A00041E800024AB1206850E8000F216820F020
:10A2B000800041E80002002ADAD103202021882210
:10A2C0006BE000BF2168086840075DD56FF07E4CE9
:10A2D00020464FF4800100222B46CDF800C000F04C
:10A2E000A7FA002850D000BF206850E8000F21686E
:10A2F00020F4907041E80002BAB3206850E8000FE3
:10A30000216820F4907041E8000272B3206850E8A0
:10A31000000F216820F4907041E800022AB3206801
:10A3200050E8000F216820F4907041E80002002AF4
:10A33000DAD11AE0206850E8020F216820F001000D
:10A3400041E80202DAB1206850E8020F216820F0EB
:10A35000010041E8020292B1206850E8020F216832
:10A3600020F0010041E802024AB1206850E8020FE3
:10A37000216820F0010041E80202002ADAD103201E
:10A3800020218C2209E000BF2020C4F88800C4F8F6
:10A390008C00002170220020E166A150002184F889
:10A3A000841002B0B0BD000070B584B0044604F162
:10A3B00008052ECD0068194341EA0503E6690568E2
:10A3C00046F6F311CCF6FF71294019433143016081
:10A3D000416840F6004E21F4405111434160A269AA
:10A3E000C5F6000E70451CBF216A0A4381684FF212
:10A3F000FF43C1F2FF13194011438160C16A656ACE
:10A4000021F00F012943C16247F2FF7144F2544C1D
:10A41000C4F20001C5F6020C88424FF080031FDD34
:10A4200040F6FF71C4F2010188423BDD704500F047
:10A43000278141F20041C4F20101884205D041F276
:10A440000001C4F20101884244D1DCF80010C1F3DC
:10A45000C202062A3ED24BF60031C0F6100137E0A8
:10A4600044F6FF31C4F2000188420DDC44F20041A1
:10A47000C4F20001884221D044F60001C4F2000178
:10A4800088421BD026E000BF44F60041C4F2000120
:10A49000884213D045F20001C4F2000188420DD079
:10A4A00018E000BF47F60001C4F20001884205D061
:10A4B00047F60041C4F2000188420BD1DCF80010DD
:10A4C00001F00702062A05D24BF60631C0F610014C
:10A4D0008B181B78704540F60010C0F23D0000F06C
:10A4E0005380B6F5004F40F07D80402B4FF00101C6
:10A4F00000F29181DFE813F042003A018F018F01F1
:10A5000042018F018F018F014E018F018F018F0159
:10A510008F018F018F018F0116018F018F018F0134
:10A520008F018F018F018F018F018F018F018F01AB
:10A530008F018F018F018F0154018F018F018F01D6
:10A540008F018F018F018F018F018F018F018F018B
:10A550008F018F018F018F018F018F018F018F017B
:10A560008F018F018F018F018F018F018F018F016B
:10A570008F018F018F018F01320100BFFAF762F95D
:10A58000002840F00C8142E19A1E1E2A4FF0010182
:10A5900000F28080DFE812F020003F0192003F01CE
:10A5A0003F013F0198003F013F013F013F013F0153
:10A5B0003F013F0184003F013F013F013F013F0157
:10A5C0003F013F013F013F013F013F013F013F018B
:10A5D0003F013F01A00000BFF8F7BEFF002840F098
:10A5E0007A8014E1402B4FF0010100F21481DFE882
:10A5F00013F04100C10012011201CB00120112013F
:10A600001201F300120112011201120112011201D2
:10A610001201A7001201120112011201120112010E
:10A620001201120112011201120112011201120192
:10A630001201F9001201120112011201120112019C
:10A640001201120112011201120112011201120172
:10A650001201120112011201120112011201120162
:10A660001201120112011201120112011201120152
:10A670001201B900FAF7E6F8002840F0B280C6E00F
:10A68000DCF8041001F00702062ABFF423AF66A12C
:10A690001EE700BF402B40F0BE804FF400401BE09F
:10A6A0005CF8540C800649F20000C0F2D03013D59B
:10A6B0005CF8541CC1F3C101C8400DE001A8F8F7D3
:10A6C000F7FF029838B9A2E001A8F9F785F80298D7
:10A6D000002800F09C80656A4BF63C51C0F61001E2
:10A6E00031F815106268B0FBF1F002EB42018842CC
:10A6F0004FF00101C0F08F801303984200F28B806D
:10A70000010E000210EB520041F100010023F5F7A9
:10A7100089FE4FF60052A0F54071C0F20F0291423F
:10A7200073D377E05CF8540C800649F20000C0F265
:10A73000D03035D55CF8541CC1F3C101C8402FE0BE
:10A740005CF8540C800649F20000C0F2D03049D5C4
:10A750005CF8541CC1F3C101C84043E04FF4004011
:10A760001EE000BF4FF400403CE000BFFAF798F84D
:10A77000A8B94CE0FAF794F898BB48E001A8F8F7BC
:10A7800097FF029858B942E001A8F8F791FF0298A4
:10A7900038BB3CE001A8F9F71FF80298B8B3656A26
:10A7A0004BF63C51C0F6100131F815106268B0FB51
:10A7B000F1F0510801EB4000B0FBF2F04FF6EF7200
:10A7C000A0F11001914225D84FF6F0710140C0F37D
:10A7D0004200084419E000BF01A8F8F7FDFF029805
:10A7E000A8B1656A4BF63C51C0F6100131F815105E
:10A7F0004FF6EF72B0FBF1F0616800EB5100B0FB77
:10A80000F1F0A0F11001914204D82168C860002144
:10A8100001E000BF01214FF001100022A066626735
:10A820000846A26704B070BD020408102040000072
:10A830002DE9F041804600681546C2690E46114078
:10A84000891BB1FA81F149098D4223D1069C2CB3B1
:10A85000611C29D1C1693140891BB1FA81F14909D3
:10A860008D4217D1C1693140891BB1FA81F1490983
:10A870008D420FD1C1693140891BB1FA81F149097B
:10A880008D4207D1C1693140891BB1FA81F1490973
:10A890008D42DFD00020BDE8F08100BFF8F71AFD3F
:10A8A0000320BDE8F08100BF1F4607E0C0693040CB
:10A8B000801BB0FA80F040098542EBD1F8F70AFD21
:10A8C000C01BA04200F2AE80D8F800000168490722
:10A8D000ECD5402EEAD0802EE8D0C169090700F1FE
:10A8E000A580C1690905E1D54FF400610162D8F87E
:10A8F000000050E8000FD8F8001020F4907041E8F4
:10A9000000020AB3D8F8000050E8000FD8F8001091
:10A9100020F4907041E80002B2B1D8F8000050E88D
:10A92000000FD8F8001020F4907041E800025AB1EE
:10A93000D8F8000050E8000FD8F8001020F490700C
:10A9400041E80002002AD2D14FF6FE70CEF6FF7029
:10A95000D8F8001051E8021FD8F80020014042E862
:10A960000213F3B1D8F8001051E8021FD8F8002004
:10A97000014042E80213A3B1D8F8001051E8021FC9
:10A98000D8F80020014042E8021353B1D8F8001073
:10A9900051E8021FD8F80020014042E80213002BC2
:10A9A000D6D1D8F86C0001282CD1D8F8000050E896
:10A9B000000FD8F8001020F0100041E800020AB3A0
:10A9C000D8F8000050E8000FD8F8001020F0100070
:10A9D00041E80002B2B1D8F8000050E8000FD8F802
:10A9E000001020F0100041E800025AB1D8F8000031
:10A9F00050E8000FD8F8001020F0100041E80002E5
:10AA0000002AD2D120200021C8F88C00C8F86C1090
:10AA1000C8F87410C8F89000032088F88410BDE8C6
:10AA2000F08100BF0320BDE8F08100BF0821016272
:10AA3000D8F8000050E8000FD8F8001020F490700B
:10AA400041E800020AB3D8F8000050E8000FD8F837
:10AA5000001020F4907041E80002B2B1D8F8000074
:10AA600050E8000FD8F8001020F4907041E8000280
:10AA70005AB1D8F8000050E8000FD8F8001020F4C0
:10AA8000907041E80002002AD2D14FF6FE70CEF657
:10AA9000FF70D8F8001051E8021FD8F800200140DC
:10AAA00042E80213F3B1D8F8001051E8021FD8F8B9
:10AAB0000020014042E80213A3B1D8F8001051E889
:10AAC000021FD8F80020014042E8021353B1D8F821
:10AAD000001051E8021FD8F80020014042E802139C
:10AAE000002BD6D1D8F86C0001282CD1D8F8000062
:10AAF00050E8000FD8F8001020F0100041E80002E4
:10AB00000AB3D8F8000050E8000FD8F8001020F081
:10AB1000100041E80002B2B1D8F8000050E8000F80
:10AB2000D8F8001020F0100041E800025AB1D8F81F
:10AB3000000050E8000FD8F8001020F0100041E8A5
:10AB40000002002AD2D12020C8F88C000020082161
:10AB5000C8F86C00C8F87400C8F8901088F8840031
:10AB60000120BDE8F081000080B5D0F804E0D0F805
:10AB70000CC04BF66450C0F6100010F80C0000EB4F
:10AB80000E03D960D3F804C04FF6FF712CEA01011F
:10AB90001144596050F80E1041F0010140F80E10B8
:10ABA00080BD0000B0B503694BF6645CC0F6100CC4
:10ABB000D0F808E01CF8034054F80E50ED0718BF19
:10ABC000B0BD7444E16061684FF6FF75A94311445C
:10ABD000BEF1000F61601ED00022032B88BF01224E
:10ABE0000EF1080113F003044FEA820204D0012C95
:10ABF00004D10B2306E000BF052303E01B23022C36
:10AC000008BF1523012404FA03F38B5000691CF8D4
:10AC1000000000EB0E04206840F001002060B0BD91
:10AC20000068102101620FE050E8001F41F01001A0
:10AC300040E80012002A08BF704750E8001F41F0AA
:10AC4000100140E8001272B150E8001F41F01001FD
:10AC500040E800123AB150E8001F41F0100140E80E
:10AC60000012002AE0D1704780B50168083100BFAA
:10AC700051E8002F42F0010241E80023ABB151E856
:10AC8000002F42F0010241E8002373B151E8002F88
:10AC900042F0010241E800233BB151E8002F42F0AD
:10ACA000010241E80023002BE2D1C1684BF6645C4D
:10ACB000C0F6100CD0E9002E1CF8011002F124039C
:10ACC00071448B6040211162083200BF52E8001FBE
:10ACD00041F0400142E80013ABB152E8001F41F0DF
:10ACE000400142E8001373B152E8001F41F04001F7
:10ACF00042E800133BB152E8001F41F0400142E836
:10AD00000013002BE2D102684021116252E8001FBB
:10AD100041F0400142E80013ABB152E8001F41F09E
:10AD2000400142E8001373B152E8001F41F04001B6
:10AD300042E800133BB152E8001F41F0400142E8F5
:10AD40000013002BE2D1016801F1080252E8001F54
:10AD500041F0800142E80013ABB152E8001F41F01E
:10AD6000800142E8001373B152E8001F41F08001F6
:10AD700042E800133BB152E8001F41F0800142E875
:10AD80000013002BE2D10269016880681CF80220E0
:10AD900001F12803104483604020086280BD000058
:10ADA00080B5FBF74BFB18B1BDE88040FBF7A6BBB5
:10ADB000BDE88040FBF79ABBB0B544F61C05C4F271
:10ADC0000005286808244006C4F202040BD5206A56
:10ADD00020F0010020624020686040F27440C1F21F
:10ADE0000000F5F7BDFD286844F60001000744F6B1
:10ADF0000800C4F20001C4F200005CBF2A685FEAE8
:10AE000082723FD555F8142CD2073ED050E8002F5F
:10AE100022F0010240E800235BB350E8002F22F04B
:10AE2000010240E8002323B350E8002F22F0010282
:10AE300040E80023EBB150E8002F22F0010240E887
:10AE40000023002BE2D114E051E8002F42F0100261
:10AE500041E80023CBB151E8002F42F0100241E855
:10AE6000002393B151E8002F42F0100241E8002383
:10AE70005BB151E8002F42F0100241E80023002BA3
:10AE8000E2D102E02A685207BCD42A6855F81C3C7B
:10AE90001A40D20658BFB0BD02226A6008226A601A
:10AEA00004226A6051E8002F22F0100241E80023DA
:10AEB000B3B151E8002F22F0100241E800237BB12A
:10AEC00051E8002F22F0100241E8002343B151E87D
:10AED000002F22F0100241E80023002BE2D100BF36
:10AEE00050E8001F41F0010140E800125AB350E859
:10AEF000001F41F0010140E8001222B350E8001F9A
:10AF000041F0010140E80012EAB150E8001F41F0B1
:10AF1000010140E80012002AE2D114E050E8001FCD
:10AF200021F0400140E80012AAB150E8001F21F0D2
:10AF3000400140E8001272B150E8001F21F04001CA
:10AF400040E800123AB150E8001F21F0400140E80B
:10AF50000012002AE2D1A96850E8001F41F0400128
:10AF600040E80012AAB150E8001F41F0400140E85B
:10AF7000001272B150E8001F41F0400140E8001299
:10AF80003AB150E8001F41F0400140E80012002AA9
:10AF9000E2D108202060202140F27440C1F200007C
:10AFA0002160BDE8B040F5F731BD0000FEE70000CC
:10AFB000C18840884843000C7047000010B5028DDE
:10AFC000022A1DD3D0E90823B0F81AE01A444FEA48
:10AFD000224CC36944780CFB0EFC63430CEB8C04DD
:10AFE000640094FBF3F34262120CC2810B80028D69
:10AFF0008381013A028590F82D20C2B922E000BF7A
:10B00000012A19D1428DC3690A808281B1F90020D9
:10B01000448B5A4304EB84035B0092FBF3F24378C6
:10B020005A43C2810022028590F82D2052B1BDE81A
:10B030001040FEF7B3B800BF82890A8090F82D2037
:10B04000002AF4D1C17802460020117010BD000022
:10B05000024690F83300012804D10B8818B293807F
:10B06000704700BFB0B5B2F90EE05378108E9EFB6A
:10B07000F3FCD48800EB0E0304EB0C0092F82C4098
:10B080001386012CD08039D1B2F82EC0BCF1000F4C
:10B0900022D0ACF10100D085B1F800C0BEF1FF3F75
:10B0A000A3EB0C01C8BFACEB0301B2F9364011FBB6
:10B0B00000F00DB290FBF4F1BEF1FF3FD8BF494262
:10B0C000002D15D40120ACEB010382F83200BDE85D
:10B0D000B04018B2938070470B88012082F82D0091
:10B0E00000201070BDE8B04018B29380704700BFD8
:10B0F00092F83200002818BF0CEB0103BDE8B04005
:10B1000018B2938070470000C28E00214160C16078
:10B1100041820170C0E90811018501638185C28502
:10B1200070470000FFF7F0BF90F82C30002B18BFDD
:10B1300070476AB3838E5A4344F6D353C1F2620315
:10B14000A2FB03239A09012313FA82F3C2891FFA8F
:10B1500083FC03859C4513B216D110B5428BD0F801
:10B160001CE002EB820244780EFB01FE52009EFBC3
:10B17000F2FE93FBF4F2AEEB0202120492FBFCF23D
:10B1800062430262BDE81040418519044162704784
:10B19000438BC26903EB83034A435B0092FBF3F2E8
:10B1A000437881815A43C2810022028541857047DC
:10B1B00002464FF0010049B1D18E82F82C000029DF
:10B1C00018BF704782F82D000020107070470000F3
:10B1D00090F82D00704700004EF60C50BFF34F8FD3
:10B1E000CEF200000168042201F4E061C0F2FA52DC
:10B1F00011430160BFF34F8F00BF00BF00BF00BF0E
:10B20000FAE70000FEE7000010B501214FF0004210
:10B210004FF080434FF0005C4FF0805E002848BF45
:10B22000404200BF22FA01F4A04211D223FA01F4F5
:10B23000A04213D22CFA01F4A04215D21C2901F12C
:10B24000040404D82EFA01F188422146EAD3611E93
:10B25000481E012101FA00F010BD00BF0131481E57
:10B26000012101FA00F010BD0231481E012101FA4E
:10B2700000F010BD9CB01025CCF2004540F2004912
:10B280002846C5F60209F6F71FF944F2E048C5F66C
:10B290000208D8F8000040F00070C8F80000D8F8A4
:10B2A000000000F00070009000980120F8F718F8F6
:10B2B000F8F70AF90020022101220024F8F70CF91E
:10B2C0004EF60050CEF20000006846F20451C5F67A
:10B2D000020100F0F0001031702804BF46F2045162
:10B2E000C5F60201086840F001000860681CF6F726
:10B2F000EBF8F8F715F80494CDE90244CDE90044E1
:10B30000D8F800004FF4005140F00100C8F80000E8
:10B31000D8F80000012200F001000F900F98D8F833
:10B3200000004FF4005540F00400C8F80000D8F8C1
:10B33000000000F004000F900F98D8F8000040F0D3
:10B340000200C8F80000D8F8000000F002000F90DA
:10B350000F98D8F8000040F00800C8F80000D8F8AE
:10B36000000000F008000F900F98D8F8000040F09F
:10B370008000C8F80000D8F8000000F080000F90AE
:10B380000F98D8F8000040F48070C8F80000D8F892
:10B39000000000F480700F900F984846F7F780FF88
:10B3A00048464FF440410022F7F77AFF09F5006A5A
:10B3B00050464FF401610022F7F772FF09F5C056BD
:10B3C00030464FF400510022F7F76AFF6F464FF006
:10B3D000010B484639460095CDE901B40394F7F7CF
:10B3E00069FE4FF44040022100904846CDE9021129
:10B3F00039465546CDF804B04FF00209F7F75AFE2A
:10B400004FF40160CDE9000B50463946CDE90244C6
:10B41000F7F750FE4FF40050CDE9000B40F2004B1F
:10B4200030463946C4F2000B4FF0010ACDE90299CB
:10B43000F7F740FE58F8080C3C2140F0010048F8AE
:10B44000080C58F8080C00F00100009000986846BD
:10B450001B94CDE919441594CDE91344CDE9114469
:10B46000CDE90F44F5F729F941F24C700BF507319E
:10B47000C1F200000422C0E900144FF00051C0E9FD
:10B48000022A02618482C0F818900477C0E9094456
:10B49000C0E90B44416380F83840C0F83CA0F7F79E
:10B4A00007F918B172B600BFFEE700BF41F24C7059
:10B4B00040F20049C1F2000019A9C5F60209199429
:10B4C000F6F724FE10B172B6FEE700BF41F24C76EB
:10B4D000C1F200063046F6F7F7FA0020C4F2213038
:10B4E0000F90062010900520119040F2FF701290EE
:10B4F00004201390002014908DF855000FA93046B9
:10B50000F6F760FE10B172B6FEE700BF1020C1F280
:10B51000C0000F900C20109041F24C70C1F200005E
:10B520000FA9F6F74FFE18B172B600BFFEE700BFD5
:10B530000020C4F252700090092001900220029075
:10B540000890012040F2FF71ADF82400A42003917F
:10B5500004210A908020049100210B9041F24C704C
:10B5600005918DF826108DF83010C1F20000694663
:10B57000F6F7C0FA10B172B6FEE700BF40F20F1046
:10B580002024019041F24C706E46C1F2F044C1F2A9
:10B59000000031460094F6F7ADFA18B172B600BF5C
:10B5A000FEE700BF06F118002421F5F786F841F206
:10B5B000B07042F20011C1F20000C4F20201002694
:10B5C0004FF0040A012780E842044FF00051C0E91F
:10B5D000037A868287610677C0E90B66416380F84B
:10B5E0003860C763F7F764F810B172B6FEE700BFC2
:10B5F00041F2B078C1F200084046F6F765FA09203A
:10B600000190022002900890A42040F2FF710A905D
:10B610008020CDE9031A0B906946404600940596B8
:10B62000ADF824708DF826608DF83060F6F762FA78
:10B6300010B172B6FEE700BF8020C1F650500090F6
:10B6400040F20F10019041F2B070C1F20000694663
:10B65000F6F750FA10B172B6FEE700BF0024684654
:10B660002C211594CDE91344CDE91144CDE90F44C3
:10B67000F5F723F841F650100BF58031C1F20000C8
:10B6800020220126C0E9001400F1080141F28833AC
:10B690004FF480778CC1C0E90564F9F7E3FD18B178
:10B6A00072B600BFFEE700BF7020CDE9190441F675
:10B6B0005010C1F2000019A92E464D461B94F9F70F
:10B6C000AFFA08B172B6FEE70120CDE91600189076
:10B6D00041F65010C1F2000016AA0121F9F706FA4E
:10B6E00010B172B6FEE700BF60200F9040F6C410A4
:10B6F00010900020CDE91100CDE91300159041F61E
:10B700005010C1F200000FA90022F9F753FB08B155
:10B7100072B6FEE741F65010C1F200000FA90422F4
:10B72000F9F748FB10B172B6FEE700BF41F65010C2
:10B73000C1F200000FA90822F9F73CFB10B172B664
:10B74000FEE700BF70200F9041F28730109041F665
:10B750005010C1F200000FA90C22F9F72BFB08B121
:10B7600072B6FEE74FF4006000904FF480600190E5
:10B770004FF4805004904FF40050002405900420B2
:10B78000CDE906044FF0007008900320CDE90904CC
:10B7900041F65010C1F200006946CDE90244F9F7C4
:10B7A00057F908B172B6FEE741F65010C1F2000039
:10B7B000F9F79CFA41F69C100BF58841C1F20000A4
:10B7C0000C234FF4E13280E81600C0E90344C0E9DD
:10B7D0000534C0E90744C0E90944F9F721FF08B17D
:10B7E00072B6FEE741F69C10C1F200000021F9F7A5
:10B7F000D1FE08B172B6FEE741F69C10C1F200001E
:10B800000021F9F781FE08B172B6FEE741F69C10FF
:10B81000C1F20000F9F75CFE10B172B6FEE700BF9E
:10B8200041F604100024C1F200004FF6FF7110949D
:10B83000CDE90544CDE90344C0E900B4C0E90241C3
:10B8400004618461F9F70EFD10B172B6FEE700BF26
:10B8500041F60410C1F200000FA90F941194F9F7FA
:10B86000DFF908B172B6FEE7602000900020CDE954
:10B870000100049041F60410C1F200006946002264
:10B88000F9F798FA10B172B6FEE700BF41F604105E
:10B89000C1F20000F9F72AFAFAF77CFE272003210B
:10B8A0000022F7F7D3FD2720F7F7BEFD0B20032179
:10B8B0000022F7F7CBFD0B20F7F7B6FD2B20042174
:10B8C0000022F7F7C3FD2B20F7F7AEFD2C20002157
:10B8D0000022F7F7BBFD2C20F7F7A6FD122002216E
:10B8E0000022F7F7B3FD1220F7F79EFD28464FF42C
:10B8F00000510122F7F7D4FC30464FF400610122D9
:10B90000F7F7CEFCF5F780FCF5F7C6FC30461021C2
:10B91000F7F7BEFCF8E70000B0B581B01C2240F29A
:10B92000800EC5F60202C0F2010E4FF0800CC2F884
:10B9300000E0C2F800C0C2F800E013684FF4804194
:10B940000093009B4FF4A033C2F80034C2F80014F7
:10B95000C2F80034D2F8001441F61C43009100995B
:10B96000C5F602034FF490314FF40050196018608F
:10B97000196018684FF40041009000984FF4C030EF
:10B98000C2F80004C2F80014C2F80004D2F800049F
:10B99000102100900098AEF17000C2F80008C2F8C3
:10B9A0000018C2F80008D2F80008022100900098A0
:10B9B000AEF17E00106011601060146801250094E3
:10B9C000009C4FF00114146015601460146800941A
:10B9D000009CC2F80004C2F80014C2F80004D2F8B7
:10B9E0000004402100900098AEF14000C2F8000829
:10B9F000C2F80018C2F80008D2F800480094009C71
:10BA0000C2F800E8C2F800C8C2F800E8D2F800485E
:10BA10000094009C10601160106010680090009805
:10BA2000C3F800E4C3F800C4C3F800E4D3F800048A
:10BA30000090009801B0B0BD42F20401C4F20201CE
:10BA4000402041F8040C0A684FF68F7342F0400220
:10BA50000A6040F20841C4F201010A68CFF6CF73D0
:10BA60001A4010320A600A684FF6F873CFF6FE7378
:10BA70001A4044F2E8400632C5F602000A60016846
:10BA8000C90740F20401C4F2000113D181B0026879
:10BA900042F001020260026802F001020092009A84
:10BAA0000A6942F001020A61016821F001010160A6
:10BAB00001B0704708680A68022363F306120A603F
:10BAC0000A69000942F001020A610A6860F306127D
:10BAD0000A607047F1EE100A4FF6FF71C0F2C031F4
:10BAE00020EA010040F04070E1EE100A70470000CB
:10BAF000857C1008717E10081D8710085588100875
:10BB00000104081020400004081020400002040630
:10BB1000080A0C0E070503010F0D0B0907050301A9
:10BB20000F0D0B0900020406080A0C0E0E0C0A0881
:10BB300006040200090B0D0F01030507090B0D0F89
:10BB4000010305070E0C0A08060402000B090F0D7D
:10BB5000030107050C0E080A040600020C0E080A71
:10BB6000040600020B090F0D030107050507010379
:10BB70000D0F090B020006040A080E0C0200060451
:10BB80000A080E0C050701030D0F090B0103050739
:10BB9000090B0D0F060402000E0C0A080604020031
:10BBA0000E0C0A0801030507090B0D0F0F0D0B09F9
:10BBB00007050301080A0C0E00020406080A0C0E11
:10BBC000000204060F0D0B09070503010A080E0CFD
:10BBD000020006040D0F090B050701030D0F090BE9
:10BBE000050701030A080E0C020006040406000201
:10BBF0000C0E080A030107050B090F0D03010705C9
:10BC00000B090F0D040600020C0E080A4E55434C9A
:10BC1000454F2D483734355A492D5100000000005A
:10BC20000102030401020304060708095354204DCE
:10BC3000432053444B095665722E362E342E320063
:10BC4000AC8C00007C26D140F628AC3F15000000EB
:10BC500001000001204E0000E80300060000000083
:10BC60000000803F0000003FB81E853E000000003D
:10BC7000F7CC9238F7CC9238F628AC3F00000000A1
:10BC800000000000574D363835305F483734375F95
:10BC90004C6F775265735F4F706E4174582D4E55DF
:10BCA000434C454F2D49484D31364D310000000081
:10BCB000000401400000000000000000000000003F
:10BCC0000000000000000000240A00002422000000
:10BCD000242200002422000024220000240A000064
:10BCE000240E0000240E0000240E0000240A000090
:10BCF000240A0000240E0000360165000000000048
:10BD000000200240002002400020024000200240AB
:10BD10000020024000200240002102400021024099
:10BD20000021024000210240002102400021024087
:10BD30000000165D0100000000010100010002008A
:10BD40000400060008000A000C001000200040005B
:10BD50008000000100070E090B0C050201060F0808
:10BD60000A0D0403102840587088A0B8010101038F
:10BD70000701000008040204080101010002040692
:10BD800001020A0000000000C90092015B022403C6
:10BD9000ED03B6047F0548061107D907A2086A0912
:10BDA000330AFB0AC40B8C0C540D1C0EE30EAB0FB4
:10BDB00072103A110112C8128F1355141C15E21596
:10BDC000A8166E173318F918BE19821A471B0B1CD8
:10BDD000CF1C931D571E1A1FDD1F9F206121232298
:10BDE000E522A62367242825E825A82667272628F4
:10BDF000E528A329612A1F2BDC2B992C552D112E08
:10BE0000CC2E872F4130FB30B5316E322633DF33F5
:10BE100096344D350436BA366F372438D9388C39D4
:10BE2000403AF23AA53B563C073DB83D683E173FC5
:10BE3000C53F73402141CE417A422543D0437A44E5
:10BE40002445CD4575461C47C34769480F49B44949
:10BE5000584AFB4A9D4B3F4CE04C814D204EBF4E13
:10BE60005D4FFB4F97503351CE51685202539B5355
:10BE70003254C9546055F5558A561D57B05742582B
:10BE8000D3586459F359825A0F5B9C5B285CB35CAE
:10BE90003E5DC75D4F5ED75E5D5FE35F6860EB60F0
:10BEA0006E61F0617162F1627063EE636C64E8640C
:10BEB0006365DD655666CF664667BC673268A6680F
:10BEC00019698B69FD696D6ADC6A4A6BB76B236C13
:10BED0008E6CF86C616DC96D306E966EFB6E5E6F28
:10BEE000C16F22708370E27040719D71F97154725C
:10BEF000AE7207735E73B5730A745F74B2740475BF
:10BF00005575A575F37541768D76D87622776B7762
:10BF1000B377FA773F788478C77809794A7989794D
:10BF2000C879057A417A7C7AB67AEE7A267B5C7B90
:10BF3000917BC57BF87B297C597C887CB67CE37C33
:10BF40000E7D397D627D897DB07DD57DFA7D1D7E3A
:10BF50003E7E5F7E7E7E9C7EB97ED57EEF7E097FB3
:10BF6000217F377F4D7F617F747F867F977FA67F9C
:10BF7000B47FC17FCD7FD87FE17FE97FF07FF57F00
:10BF8000F97FFD7FFE7F0000C8BF10080078041015
:10BF90001000000058031008E0BF1008000000382F
:10BFA000600000005803100840C010080000001096
:10BFB00008050000FC02100850C210080805001017
:10BFC000381B00007803100800000000000000008B
:10BFD0000000000000000000000000000000000061
:10BFE0000000000000000000000000000000000051
:10BFF0000000000000000000000000000000000041
:10C000000000000000000000000000000000000030
:10C010000000000000000000000000000000000020
:10C020000000000000000000000000000000000010
:10C030000000000000000000000000000000000000
:10C04000320142103C90D003046A010121390659A3
:10C050000D2540BC1008723416B978B978012776DE
:10C0600022FF7F98791A501C1374041410E81614D8
:10C070001010171B1038041A4204A1D20A292C01EF
:10C08000181344019B10F82013B4034C10940510AE
:10C090001A6068957808260314C0FF1F124016E046
:10C0A000FF7F0180122013400DD20E092A2C1C2381
:10C0B000096FF261200E3DF21207C30DEDF84B1C23
:10C0C000B5E380DB40072C4185CA1FB5391816D56A
:10C0D0006C1008FD75100849761008996B100891CE
:10C0E000771008811041480F7572100831711008DF
:10C0F0004D731008A97414D1141C02585A04041961
:10C100009811041E80518716FF3F1027371A3202FC
:10C1100031BA021A8A7F046388131EB0BC10089CCF
:10C12000040316204EA3E80323400123561A1318D4
:10C13000022E10E21060090C1A240C21490C9A30CE
:10C140000C9A3C0C51E601700838045AF450011462
:10C150001A8C401E65981008710410096593100828
:10C16000359A10089B010A8E611AF6402BFFFFBE1C
:10C170001201300BF10576D4733B9B14EA68122050
:10C18000424094BE03221DFFFFFF7F731A800612F8
:10C19000802D40FFFF0EA301B9144040201008116C
:10C1A0000F700802404014F61A0D120E02270645C1
:10C1B000E803721710088EE8561AAAE503637008A0
:10C1C0004202352002400502110413F2DE13CA7A3E
:10C1D00023EA2C421912481A40325904219A013C90
:10C1E000121053D265120102100323F61A5DFFFFED
:10C1F000204E3209119C580EF401A91010080511A7
:10C2000010082D0A109A211318041C10D4155BB1C4
:10C210004B5816104BC40508CBCC0D20411E69AC01
:10C22000100821041E69AB1008A504011144030382
:10C23000201334011B10B0BB1ADC0413B403200A12
:10C2400010E6FEC1397C2651393AC0E000000000FA
:040000050810029944
:00000001FF
